kind,scale,start,end,referenceBases,alternateBases,variantType,beaconize_count,ri_count,concordant,category,touches_ri_missing
sequence,,75940816,,C,T,,1,1,1,concordant,0
sequence,,70674760,,C,G,,1,1,1,concordant,0
sequence,,154991624,,C,G,,1,1,1,concordant,0
sequence,,181505139,,A,G,,1,1,1,concordant,0
sequence,,223525579,,G,A,,1,1,1,concordant,0
sequence,,17674992,,C,T,,1,1,1,concordant,0
sequence,,134888646,,G,A,,1,1,1,concordant,0
sequence,,195714731,,C,T,,1,1,1,concordant,0
sequence,,172163181,,G,T,,1,1,1,concordant,0
sequence,,64777425,,C,G,,1,1,1,concordant,0
sequence,,86209930,,T,G,,1,1,1,concordant,0
sequence,,130941643,,C,T,,1,1,1,concordant,0
sequence,,24802745,,A,T,,1,1,1,concordant,0
sequence,,142977054,,C,T,,1,1,1,concordant,0
sequence,,8681205,,G,A,,1,1,1,concordant,0
sequence,,195675866,,A,G,,1,1,1,concordant,0
sequence,,185020249,,A,G,,1,1,1,concordant,0
sequence,,190823001,,T,TA,,1,1,1,concordant,0
sequence,,48686944,,G,A,,1,1,1,concordant,0
sequence,,174514627,,G,A,,1,1,1,concordant,0
sequence,,203597408,,C,T,,1,1,1,concordant,0
sequence,,67409941,,T,A,,1,1,1,concordant,0
sequence,,150919237,,A,AT,,1,1,1,concordant,0
sequence,,80665163,,C,T,,1,1,1,concordant,0
sequence,,154139727,,A,C,,1,1,1,concordant,0
sequence,,95595898,,T,C,,1,1,1,concordant,0
sequence,,98422928,,G,A,,1,1,1,concordant,0
sequence,,79172683,,A,G,,1,1,1,concordant,0
sequence,,160315890,,T,C,,1,1,1,concordant,0
sequence,,188361409,,A,G,,1,1,1,concordant,0
sequence,,133034454,,C,G,,1,1,1,concordant,0
sequence,,23563090,,G,A,,1,1,1,concordant,0
sequence,,11991552,,C,G,,1,1,1,concordant,0
sequence,,96923924,,C,G,,1,1,1,concordant,0
sequence,,217529409,,T,C,,1,1,1,concordant,0
sequence,,65385569,,T,A,,1,1,1,concordant,0
sequence,,34079297,,C,G,,1,1,1,concordant,0
sequence,,217489671,,G,A,,1,1,1,concordant,0
sequence,,51860765,,A,G,,1,1,1,concordant,0
sequence,,45319737,,G,A,,1,1,1,concordant,0
sequence,,187638892,,C,T,,1,1,1,concordant,0
sequence,,195713213,,C,G,,1,1,1,concordant,0
sequence,,197657718,,C,T,,1,1,1,concordant,0
sequence,,43079843,,G,C,,1,1,1,concordant,0
sequence,,138367981,,C,T,,1,1,1,concordant,0
sequence,,237595302,,C,T,,1,1,1,concordant,0
sequence,,141805700,,G,A,,1,1,1,concordant,0
sequence,,151144845,,T,C,,1,1,1,concordant,0
sequence,,87053120,,T,C,,1,1,1,concordant,0
sequence,,49989743,,A,G,,1,1,1,concordant,0
sequence,,235054186,,C,T,,1,1,1,concordant,0
sequence,,185523457,,T,C,,1,1,1,concordant,0
sequence,,201114198,,A,T,,1,1,1,concordant,0
sequence,,172131178,,G,T,,1,1,1,concordant,0
sequence,,110461162,,G,A,,1,1,1,concordant,0
sequence,,171033257,,A,G,,1,1,1,concordant,0
sequence,,45858284,,G,A,,1,1,1,concordant,0
sequence,,215133786,,T,A,,1,1,1,concordant,0
sequence,,189956856,,T,C,,1,1,1,concordant,0
sequence,,226263990,,C,T,,1,1,1,concordant,0
sequence,,235123365,,G,A,,1,1,1,concordant,0
sequence,,50288679,,G,C,,1,1,1,concordant,0
sequence,,153096898,,T,C,,1,1,1,concordant,0
sequence,,99349851,,T,C,,1,1,1,concordant,0
sequence,,190701234,,CAT,C,,1,1,1,concordant,0
sequence,,207544668,,G,A,,1,1,1,concordant,0
sequence,,12320756,,C,T,,1,1,1,concordant,0
sequence,,170453368,,G,A,,1,1,1,concordant,0
sequence,,233078251,,G,A,,1,1,1,concordant,0
sequence,,132350585,,G,A,,1,1,1,concordant,0
sequence,,51874255,,T,C,,1,1,1,concordant,0
sequence,,95812715,,G,GT,,1,1,1,concordant,0
sequence,,200370004,,A,G,,1,1,1,concordant,0
sequence,,30318006,,G,C,,1,1,1,concordant,0
sequence,,142639008,,C,G,,1,1,1,concordant,0
sequence,,43979100,,C,T,,1,1,1,concordant,0
sequence,,36618039,,C,T,,1,1,1,concordant,0
sequence,,228933465,,TA,T,,1,1,1,concordant,0
sequence,,8672982,,G,T,,1,1,1,concordant,0
sequence,,125190961,,C,A,,1,1,1,concordant,0
sequence,,83330153,,T,A,,1,1,1,concordant,0
sequence,,181912625,,T,C,,1,1,1,concordant,0
sequence,,195163549,,G,C,,1,1,1,concordant,0
sequence,,174563029,,C,A,,1,1,1,concordant,0
sequence,,226732482,,A,C,,1,1,1,concordant,0
sequence,,61520027,,C,A,,1,1,1,concordant,0
sequence,,3688540,,T,C,,1,1,1,concordant,0
sequence,,85123556,,C,T,,1,1,1,concordant,0
sequence,,161654410,,AAC,A,,1,1,1,concordant,0
sequence,,215105779,,T,TA,,1,1,1,concordant,0
sequence,,159762725,,A,G,,1,1,1,concordant,0
sequence,,33907331,,G,A,,1,1,1,concordant,0
sequence,,28725919,,C,G,,1,1,1,concordant,0
sequence,,76250428,,A,G,,1,1,1,concordant,0
sequence,,24390303,,G,C,,1,1,1,concordant,0
sequence,,231926523,,T,C,,1,1,1,concordant,0
sequence,,38058999,,C,T,,1,1,1,concordant,0
sequence,,242827144,,C,G,,1,1,1,concordant,0
sequence,,197987992,,T,G,,1,1,1,concordant,0
sequence,,107690944,,A,G,,1,1,1,concordant,0
sequence,,82897891,,T,C,,1,1,1,concordant,0
sequence,,76969106,,A,G,,1,1,1,concordant,0
sequence,,232882134,,T,C,,1,1,1,concordant,0
sequence,,119159145,,C,T,,1,1,1,concordant,0
sequence,,166052066,,A,G,,1,1,1,concordant,0
sequence,,163792742,,T,A,,1,1,1,concordant,0
sequence,,27771810,,C,T,,1,1,1,concordant,0
sequence,,12942075,,A,G,,1,1,1,concordant,0
sequence,,149036694,,AG,A,,1,1,1,concordant,0
sequence,,199730752,,G,A,,1,1,1,concordant,0
sequence,,168723719,,G,A,,1,1,1,concordant,0
sequence,,222742946,,C,T,,1,1,1,concordant,0
sequence,,232106918,,T,C,,1,1,1,concordant,0
sequence,,98994640,,G,A,,1,1,1,concordant,0
sequence,,14437249,,T,C,,1,1,1,concordant,0
sequence,,76166381,,T,C,,1,1,1,concordant,0
sequence,,77361043,,T,C,,1,1,1,concordant,0
sequence,,11841202,,A,G,,1,1,1,concordant,0
sequence,,77936849,,C,T,,1,1,1,concordant,0
sequence,,69238868,,G,C,,1,1,1,concordant,0
sequence,,231820677,,G,A,,1,1,1,concordant,0
sequence,,237813701,,T,C,,1,1,1,concordant,0
sequence,,48353628,,C,T,,1,1,1,concordant,0
sequence,,167641524,,C,T,,1,1,1,concordant,0
sequence,,44740600,,T,C,,1,1,1,concordant,0
sequence,,229484695,,C,T,,1,1,1,concordant,0
sequence,,168181873,,A,G,,1,1,1,concordant,0
sequence,,129646826,,C,T,,1,1,1,concordant,0
sequence,,68194453,,C,T,,1,1,1,concordant,0
sequence,,3381226,,C,T,,1,1,1,concordant,0
sequence,,11043821,,T,C,,1,1,1,concordant,0
sequence,,20078293,,G,A,,1,1,1,concordant,0
sequence,,131939258,,C,T,,1,1,1,concordant,0
sequence,,184533060,,C,T,,1,1,1,concordant,0
sequence,,79548752,,G,A,,1,1,1,concordant,0
sequence,,41591713,,G,A,,1,1,1,concordant,0
sequence,,80577588,,G,C,,1,1,1,concordant,0
sequence,,239059486,,C,T,,1,1,1,concordant,0
sequence,,31092849,,G,A,,1,1,1,concordant,0
sequence,,118012984,,G,A,,1,1,1,concordant,0
sequence,,33541407,,C,G,,1,1,1,concordant,0
sequence,,214049066,,C,T,,1,1,1,concordant,0
sequence,,30531944,,G,A,,1,1,1,concordant,0
sequence,,149128716,,A,T,,1,1,1,concordant,0
sequence,,104605710,,T,A,,1,1,1,concordant,0
sequence,,18893051,,A,T,,1,1,1,concordant,0
sequence,,234146008,,A,C,,1,1,1,concordant,0
sequence,,73725573,,C,T,,1,1,1,concordant,0
sequence,,169533595,,G,A,,1,1,1,concordant,0
sequence,,95978703,,C,T,,1,1,1,concordant,0
sequence,,132989107,,A,G,,1,1,1,concordant,0
sequence,,140173804,,T,C,,1,1,1,concordant,0
sequence,,235414594,,G,A,,1,1,1,concordant,0
sequence,,52088074,,G,C,,1,1,1,concordant,0
sequence,,167516032,,C,T,,1,1,1,concordant,0
sequence,,190709863,,G,A,,1,1,1,concordant,0
sequence,,239843360,,C,T,,1,1,1,concordant,0
sequence,,225430775,,T,C,,1,1,1,concordant,0
sequence,,105758292,,AACTGAG,A,,1,1,1,concordant,0
sequence,,186282604,,C,G,,1,1,1,concordant,0
sequence,,8359594,,G,A,,1,1,1,concordant,0
sequence,,28752740,,A,G,,1,1,1,concordant,0
sequence,,42886487,,GA,G,,1,1,1,concordant,0
sequence,,43789277,,G,C,,1,1,1,concordant,0
sequence,,77762458,,T,C,,1,1,1,concordant,0
sequence,,152918044,,A,G,,1,1,1,concordant,0
sequence,,33785710,,T,A,,1,1,1,concordant,0
sequence,,87393866,,G,A,,1,1,1,concordant,0
sequence,,8386857,,T,C,,1,1,1,concordant,0
sequence,,116285077,,C,T,,1,1,1,concordant,0
sequence,,169916929,,G,A,,1,1,1,concordant,0
sequence,,51349607,,G,A,,1,1,1,concordant,0
sequence,,185844482,,C,G,,1,1,1,concordant,0
sequence,,209961467,,C,A,,1,1,1,concordant,0
sequence,,194134174,,A,ATG,,1,1,1,concordant,0
sequence,,166246119,,A,G,,1,1,1,concordant,0
sequence,,42575517,,C,T,,1,1,1,concordant,0
sequence,,17592069,,T,G,,1,1,1,concordant,0
sequence,,194667681,,C,G,,1,1,1,concordant,0
sequence,,142563231,,C,T,,1,1,1,concordant,0
sequence,,129916202,,C,A,,1,1,1,concordant,0
sequence,,156123641,,T,C,,1,1,1,concordant,0
sequence,,119150632,,G,C,,1,1,1,concordant,0
sequence,,217673602,,C,A,,1,1,1,concordant,0
sequence,,223207821,,T,A,,1,1,1,concordant,0
sequence,,51681606,,T,C,,1,1,1,concordant,0
sequence,,83218573,,T,C,,1,1,1,concordant,0
sequence,,180025607,,T,C,,1,1,1,concordant,0
sequence,,65610507,,C,A,,1,1,1,concordant,0
sequence,,176603170,,T,C,,1,1,1,concordant,0
sequence,,108882020,,C,T,,1,1,1,concordant,0
sequence,,29369089,,C,T,,1,1,1,concordant,0
sequence,,13635036,,C,T,,1,1,1,concordant,0
sequence,,207367656,,G,T,,1,1,1,concordant,0
sequence,,69179787,,A,G,,1,1,1,concordant,0
sequence,,133292236,,A,C,,1,1,1,concordant,0
sequence,,159347490,,C,G,,1,1,1,concordant,0
sequence,,242259663,,G,T,,1,1,1,concordant,0
sequence,,150879597,,A,T,,1,1,1,concordant,0
sequence,,103435029,,C,T,,1,1,1,concordant,0
sequence,,125167955,,C,G,,1,1,1,concordant,0
sequence,,104993022,,G,A,,1,1,1,concordant,0
sequence,,1090550,,G,C,,1,1,1,concordant,0
sequence,,45749817,,A,G,,1,1,1,concordant,0
sequence,,190446505,,G,A,,1,1,1,concordant,0
sequence,,72604721,,G,C,,1,1,1,concordant,0
sequence,,7827057,,A,C,,1,1,1,concordant,0
sequence,,34837329,,G,A,,1,1,1,concordant,0
sequence,,153977578,,C,T,,1,1,1,concordant,0
sequence,,3132988,,G,C,,1,1,1,concordant,0
sequence,,120064311,,C,T,,1,1,1,concordant,0
sequence,,136023059,,AG,A,,1,1,1,concordant,0
sequence,,181871617,,A,G,,1,1,1,concordant,0
sequence,,41991236,,CA,C,,1,1,1,concordant,0
sequence,,83287179,,T,A,,1,1,1,concordant,0
sequence,,208823424,,G,A,,1,1,1,concordant,0
sequence,,166141081,,G,C,,1,1,1,concordant,0
sequence,,4189350,,A,G,,1,1,1,concordant,0
sequence,,153517081,,G,A,,1,1,1,concordant,0
sequence,,192559099,,C,T,,1,1,1,concordant,0
sequence,,140328050,,T,A,,1,1,1,concordant,0
sequence,,26813239,,C,T,,1,1,1,concordant,0
sequence,,63071568,,A,T,,1,1,1,concordant,0
sequence,,81945786,,A,T,,1,1,1,concordant,0
sequence,,154221759,,G,T,,1,1,1,concordant,0
sequence,,21344315,,T,C,,1,1,1,concordant,0
sequence,,191921268,,A,G,,1,1,1,concordant,0
sequence,,75574867,,T,C,,1,1,1,concordant,0
sequence,,70846092,,T,A,,1,1,1,concordant,0
sequence,,174549399,,A,G,,1,1,1,concordant,0
sequence,,115528322,,G,A,,1,1,1,concordant,0
sequence,,176291857,,G,T,,1,1,1,concordant,0
sequence,,157672142,,C,G,,1,1,1,concordant,0
sequence,,69157063,,C,A,,1,1,1,concordant,0
sequence,,112769800,,C,T,,1,1,1,concordant,0
sequence,,147765100,,G,A,,1,1,1,concordant,0
sequence,,195450534,,GA,G,,1,1,1,concordant,0
sequence,,59059155,,G,A,,1,1,1,concordant,0
sequence,,239478680,,G,C,,1,0,0,multiallelic_secondary,1
sequence,,95604086,,A,C,,1,1,1,concordant,0
sequence,,106059293,,G,A,,1,1,1,concordant,0
sequence,,184542503,,A,G,,1,1,1,concordant,0
sequence,,68134183,,C,T,,1,1,1,concordant,0
sequence,,129464682,,C,T,,1,1,1,concordant,0
sequence,,167367545,,T,C,,1,1,1,concordant,0
sequence,,85775091,,C,A,,1,1,1,concordant,0
sequence,,114519379,,G,A,,1,1,1,concordant,0
sequence,,48055252,,G,A,,1,1,1,concordant,0
sequence,,133356881,,T,C,,1,1,1,concordant,0
sequence,,55229084,,G,A,,1,1,1,concordant,0
sequence,,73646009,,G,A,,1,1,1,concordant,0
sequence,,228428470,,AT,A,,1,1,1,concordant,0
sequence,,8679803,,C,T,,1,1,1,concordant,0
sequence,,91902602,,C,A,,1,1,1,concordant,0
sequence,,79202104,,C,T,,1,1,1,concordant,0
sequence,,240400982,,G,A,,1,1,1,concordant,0
sequence,,198865668,,T,C,,1,1,1,concordant,0
sequence,,155153711,,T,A,,1,1,1,concordant,0
sequence,,24278422,,A,G,,1,1,1,concordant,0
sequence,,79422097,,C,T,,1,1,1,concordant,0
sequence,,155996854,,G,A,,1,1,1,concordant,0
sequence,,216059637,,C,T,,1,1,1,concordant,0
sequence,,163647814,,T,C,,1,1,1,concordant,0
sequence,,60666849,,C,T,,1,1,1,concordant,0
sequence,,81672357,,G,A,,1,1,1,concordant,0
sequence,,85475730,,G,A,,1,1,1,concordant,0
sequence,,142994012,,T,C,,1,1,1,concordant,0
sequence,,232150902,,A,C,,1,1,1,concordant,0
sequence,,132976423,,G,A,,1,1,1,concordant,0
sequence,,103977735,,C,T,,1,1,1,concordant,0
sequence,,124964102,,T,A,,1,1,1,concordant,0
sequence,,42672085,,G,A,,1,1,1,concordant,0
sequence,,140776905,,T,C,,1,1,1,concordant,0
sequence,,172130773,,A,T,,1,1,1,concordant,0
sequence,,219418939,,T,C,,1,1,1,concordant,0
sequence,,214268541,,A,T,,1,1,1,concordant,0
sequence,,218395144,,T,C,,1,1,1,concordant,0
sequence,,71665181,,A,C,,1,1,1,concordant,0
sequence,,53233104,,T,A,,1,1,1,concordant,0
sequence,,183573276,,A,G,,1,1,1,concordant,0
sequence,,60881970,,G,A,,1,1,1,concordant,0
sequence,,234844138,,G,GAGGCAC,,1,1,1,concordant,0
sequence,,51032147,,T,C,,1,1,1,concordant,0
sequence,,228747157,,C,T,,1,1,1,concordant,0
sequence,,67060321,,G,A,,1,1,1,concordant,0
sequence,,123902829,,A,C,,1,1,1,concordant,0
sequence,,102803620,,A,G,,1,1,1,concordant,0
sequence,,156683396,,G,A,,1,1,1,concordant,0
sequence,,190686337,,C,T,,1,1,1,concordant,0
sequence,,69256175,,C,G,,1,1,1,concordant,0
sequence,,213047498,,T,A,,1,1,1,concordant,0
sequence,,215816207,,C,T,,1,1,1,concordant,0
sequence,,66453314,,G,T,,1,1,1,concordant,0
sequence,,165481324,,T,C,,1,1,1,concordant,0
sequence,,239832339,,G,A,,1,1,1,concordant,0
sequence,,209476523,,G,A,,1,1,1,concordant,0
sequence,,122850083,,C,T,,1,1,1,concordant,0
sequence,,36277696,,C,T,,1,1,1,concordant,0
sequence,,89908410,,G,A,,1,1,1,concordant,0
sequence,,82762888,,T,C,,1,1,1,concordant,0
sequence,,35503402,,A,AT,,1,1,1,concordant,0
sequence,,240328201,,T,C,,1,1,1,concordant,0
sequence,,237633956,,G,A,,1,1,1,concordant,0
sequence,,173430460,,C,T,,1,1,1,concordant,0
sequence,,169478111,,C,T,,1,1,1,concordant,0
sequence,,40381675,,C,A,,1,1,1,concordant,0
sequence,,136821780,,C,T,,1,1,1,concordant,0
sequence,,169492745,,C,T,,1,1,1,concordant,0
sequence,,44615131,,G,C,,1,1,1,concordant,0
sequence,,31537935,,A,G,,1,1,1,concordant,0
sequence,,242759883,,C,T,,1,1,1,concordant,0
sequence,,146422199,,A,G,,1,1,1,concordant,0
sequence,,151636257,,A,T,,1,1,1,concordant,0
sequence,,77797693,,T,A,,1,1,1,concordant,0
sequence,,195354318,,T,G,,1,1,1,concordant,0
sequence,,213094249,,C,T,,1,1,1,concordant,0
sequence,,13985604,,G,A,,1,1,1,concordant,0
sequence,,109819481,,C,T,,1,1,1,concordant,0
sequence,,221295108,,T,A,,1,1,1,concordant,0
sequence,,105609016,,G,A,,1,1,1,concordant,0
sequence,,184534055,,C,A,,1,1,1,concordant,0
sequence,,76837259,,T,C,,1,1,1,concordant,0
sequence,,21778193,,A,G,,1,1,1,concordant,0
sequence,,40556695,,A,G,,1,1,1,concordant,0
sequence,,1804845,,G,A,,1,1,1,concordant,0
sequence,,145356429,,C,T,,1,1,1,concordant,0
sequence,,22767433,,C,T,,1,1,1,concordant,0
sequence,,3264345,,A,G,,1,1,1,concordant,0
sequence,,59989620,,T,C,,1,1,1,concordant,0
sequence,,140524657,,A,G,,1,1,1,concordant,0
sequence,,173708299,,A,G,,1,1,1,concordant,0
sequence,,62184183,,C,CAAG,,1,1,1,concordant,0
sequence,,67059871,,A,C,,1,1,1,concordant,0
sequence,,37277384,,C,T,,1,1,1,concordant,0
sequence,,96823304,,C,T,,1,1,1,concordant,0
sequence,,73111211,,T,C,,1,1,1,concordant,0
sequence,,95415533,,C,T,,1,1,1,concordant,0
sequence,,14745706,,A,G,,1,1,1,concordant,0
sequence,,66633330,,C,A,,1,1,1,concordant,0
sequence,,131424881,,G,C,,1,1,1,concordant,0
sequence,,240883027,,G,A,,1,1,1,concordant,0
sequence,,164935766,,T,C,,1,1,1,concordant,0
sequence,,68369034,,T,C,,1,1,1,concordant,0
sequence,,108439000,,G,A,,1,1,1,concordant,0
sequence,,179398890,,C,G,,1,1,1,concordant,0
sequence,,216284098,,T,G,,1,1,1,concordant,0
sequence,,196840528,,C,T,,1,1,1,concordant,0
sequence,,158961348,,G,A,,1,1,1,concordant,0
sequence,,35577450,,T,C,,1,1,1,concordant,0
sequence,,238650712,,A,G,,1,1,1,concordant,0
sequence,,66663896,,C,T,,1,1,1,concordant,0
sequence,,129579708,,G,A,,1,1,1,concordant,0
sequence,,159571010,,T,C,,1,1,1,concordant,0
sequence,,238901830,,C,T,,1,1,1,concordant,0
sequence,,127822394,,G,A,,1,1,1,concordant,0
sequence,,34904156,,C,G,,1,1,1,concordant,0
sequence,,85542785,,A,G,,1,1,1,concordant,0
sequence,,34403803,,T,C,,1,1,1,concordant,0
sequence,,232505527,,C,G,,1,1,1,concordant,0
sequence,,149924257,,T,A,,1,1,1,concordant,0
sequence,,131984278,,ATTTTATTTACT,A,,1,1,1,concordant,0
sequence,,242763740,,C,T,,1,1,1,concordant,0
sequence,,186391865,,T,C,,1,1,1,concordant,0
sequence,,59089334,,A,G,,1,1,1,concordant,0
sequence,,27344119,,C,T,,1,1,1,concordant,0
sequence,,77818759,,G,A,,1,1,1,concordant,0
sequence,,227612176,,C,T,,1,1,1,concordant,0
sequence,,207359738,,A,C,,1,1,1,concordant,0
sequence,,240778635,,A,G,,1,1,1,concordant,0
sequence,,119333779,,C,T,,1,1,1,concordant,0
sequence,,104581202,,C,T,,1,1,1,concordant,0
sequence,,40557294,,G,T,,1,1,1,concordant,0
sequence,,10121955,,C,T,,1,1,1,concordant,0
sequence,,33845456,,A,G,,1,1,1,concordant,0
sequence,,182707,,G,T,,1,1,1,concordant,0
sequence,,237933313,,C,A,,1,1,1,concordant,0
sequence,,219730069,,G,T,,1,1,1,concordant,0
sequence,,4737005,,T,C,,1,1,1,concordant,0
sequence,,7140293,,C,T,,1,1,1,concordant,0
sequence,,50035230,,T,C,,1,1,1,concordant,0
sequence,,180004428,,A,G,,1,1,1,concordant,0
sequence,,165330103,,A,G,,1,1,1,concordant,0
sequence,,175522826,,G,T,,1,1,1,concordant,0
sequence,,210869748,,T,G,,1,1,1,concordant,0
sequence,,122346462,,G,A,,1,1,1,concordant,0
sequence,,211231803,,G,A,,1,1,1,concordant,0
sequence,,85662673,,T,C,,1,1,1,concordant,0
sequence,,111696588,,T,C,,1,1,1,concordant,0
sequence,,139638763,,A,T,,1,1,1,concordant,0
sequence,,109353951,,A,G,,1,1,1,concordant,0
sequence,,190008743,,C,G,,1,1,1,concordant,0
sequence,,165906531,,A,G,,1,1,1,concordant,0
sequence,,131727586,,A,G,,1,1,1,concordant,0
sequence,,128887383,,C,T,,1,1,1,concordant,0
sequence,,153639686,,T,C,,1,1,1,concordant,0
sequence,,137809849,,C,T,,1,1,1,concordant,0
sequence,,121856144,,C,T,,1,1,1,concordant,0
sequence,,147480519,,G,T,,1,1,1,concordant,0
sequence,,79988780,,G,A,,1,1,1,concordant,0
sequence,,50374022,,A,G,,1,1,1,concordant,0
sequence,,115533533,,T,G,,1,1,1,concordant,0
sequence,,145451392,,G,A,,1,1,1,concordant,0
sequence,,224109712,,A,G,,1,1,1,concordant,0
sequence,,98450077,,C,T,,1,1,1,concordant,0
sequence,,100109679,,A,G,,1,1,1,concordant,0
sequence,,60584489,,T,A,,1,1,1,concordant,0
sequence,,177327452,,C,T,,1,1,1,concordant,0
sequence,,208029866,,C,T,,1,1,1,concordant,0
sequence,,103114229,,T,G,,1,1,1,concordant,0
sequence,,154881321,,C,T,,1,1,1,concordant,0
sequence,,10966145,,G,C,,1,1,1,concordant,0
sequence,,13260647,,G,T,,1,1,1,concordant,0
sequence,,238227163,,G,T,,1,1,1,concordant,0
sequence,,202839175,,T,G,,1,1,1,concordant,0
sequence,,77687931,,TAA,T,,1,1,1,concordant,0
sequence,,208966342,,G,A,,1,1,1,concordant,0
sequence,,2741190,,C,A,,1,1,1,concordant,0
sequence,,212378429,,T,C,,1,1,1,concordant,0
sequence,,83956394,,C,T,,1,1,1,concordant,0
sequence,,218436935,,T,C,,1,1,1,concordant,0
sequence,,83726808,,T,G,,1,1,1,concordant,0
sequence,,121008240,,T,C,,1,1,1,concordant,0
sequence,,210249480,,A,C,,1,1,1,concordant,0
sequence,,13837547,,G,C,,1,1,1,concordant,0
sequence,,129433515,,T,C,,1,1,1,concordant,0
sequence,,117102693,,A,G,,1,1,1,concordant,0
sequence,,240735135,,G,A,,1,1,1,concordant,0
sequence,,129110637,,C,T,,1,1,1,concordant,0
sequence,,126750608,,C,T,,1,1,1,concordant,0
sequence,,150739536,,G,A,,1,1,1,concordant,0
sequence,,10632815,,T,C,,1,1,1,concordant,0
sequence,,48618334,,T,G,,1,1,1,concordant,0
sequence,,33821758,,C,A,,1,1,1,concordant,0
sequence,,96055881,,G,A,,1,1,1,concordant,0
sequence,,191583898,,G,A,,1,1,1,concordant,0
sequence,,128388061,,T,C,,1,1,1,concordant,0
sequence,,24521460,,G,A,,1,1,1,concordant,0
sequence,,109708266,,C,T,,1,1,1,concordant,0
sequence,,48100794,,C,T,,1,1,1,concordant,0
sequence,,5560383,,C,A,,1,1,1,concordant,0
sequence,,27063817,,G,A,,1,1,1,concordant,0
sequence,,58973983,,A,G,,1,1,1,concordant,0
sequence,,166062459,,C,A,,1,1,1,concordant,0
sequence,,152602395,,G,A,,1,1,1,concordant,0
sequence,,108510394,,A,G,,1,1,1,concordant,0
sequence,,222635432,,C,T,,1,1,1,concordant,0
sequence,,24781284,,C,T,,1,1,1,concordant,0
sequence,,26819582,,C,T,,1,1,1,concordant,0
sequence,,211084556,,A,G,,1,1,1,concordant,0
sequence,,41637279,,G,A,,1,1,1,concordant,0
sequence,,86654495,,T,C,,1,1,1,concordant,0
sequence,,181044777,,G,A,,1,1,1,concordant,0
sequence,,102339472,,C,T,,1,1,1,concordant,0
sequence,,162481540,,G,T,,1,1,1,concordant,0
sequence,,74070565,,A,T,,1,1,1,concordant,0
sequence,,185260125,,A,G,,1,1,1,concordant,0
sequence,,177992684,,A,G,,1,1,1,concordant,0
sequence,,53772669,,T,C,,1,1,1,concordant,0
sequence,,96244662,,T,A,,1,1,1,concordant,0
sequence,,79232656,,C,T,,1,1,1,concordant,0
sequence,,34991778,,T,C,,1,1,1,concordant,0
sequence,,67747765,,C,T,,1,1,1,concordant,0
sequence,,37007229,,A,C,,1,1,1,concordant,0
sequence,,188780289,,G,A,,1,1,1,concordant,0
sequence,,50479688,,G,A,,1,1,1,concordant,0
sequence,,55488599,,G,A,,1,1,1,concordant,0
sequence,,195082481,,A,G,,1,1,1,concordant,0
sequence,,127732461,,G,A,,1,1,1,concordant,0
sequence,,128639075,,T,C,,1,1,1,concordant,0
sequence,,119770665,,A,T,,1,1,1,concordant,0
sequence,,108178600,,C,T,,1,1,1,concordant,0
sequence,,184766590,,C,T,,1,1,1,concordant,0
sequence,,170418265,,TTTA,T,,1,1,1,concordant,0
sequence,,214306873,,A,AAAAC,,1,1,1,concordant,0
sequence,,13107797,,C,T,,1,1,1,concordant,0
sequence,,189776360,,C,T,,1,1,1,concordant,0
sequence,,184680755,,A,G,,1,1,1,concordant,0
sequence,,79052039,,C,G,,1,1,1,concordant,0
sequence,,159002179,,G,A,,1,1,1,concordant,0
sequence,,196596938,,G,A,,1,1,1,concordant,0
sequence,,222308588,,T,C,,1,1,1,concordant,0
sequence,,150239801,,A,G,,1,1,1,concordant,0
sequence,,127994147,,G,A,,1,1,1,concordant,0
sequence,,190367412,,T,G,,1,1,1,concordant,0
sequence,,238333394,,G,C,,1,1,1,concordant,0
sequence,,198092858,,G,A,,1,1,1,concordant,0
sequence,,1664951,,T,C,,1,1,1,concordant,0
sequence,,122871079,,C,T,,1,1,1,concordant,0
sequence,,106619332,,G,A,,1,1,1,concordant,0
sequence,,226697901,,G,T,,1,1,1,concordant,0
sequence,,81674095,,A,G,,1,1,1,concordant,0
sequence,,232465845,,A,C,,1,1,1,concordant,0
sequence,,148485575,,G,C,,1,1,1,concordant,0
sequence,,197539818,,A,G,,1,1,1,concordant,0
sequence,,223303867,,T,C,,1,1,1,concordant,0
sequence,,232543804,,G,A,,1,1,1,concordant,0
sequence,,120889513,,T,A,,1,1,1,concordant,0
sequence,,10447463,,T,C,,1,1,1,concordant,0
sequence,,233870362,,A,T,,1,1,1,concordant,0
sequence,,66617207,,A,C,,1,1,1,concordant,0
sequence,,148017403,,T,G,,1,1,1,concordant,0
sequence,,195315806,,G,A,,1,1,1,concordant,0
sequence,,220838884,,G,C,,1,1,1,concordant,0
sequence,,219292633,,G,A,,1,1,1,concordant,0
sequence,,86597175,,T,C,,1,1,1,concordant,0
sequence,,113678408,,C,T,,1,1,1,concordant,0
sequence,,221559055,,C,G,,1,1,1,concordant,0
sequence,,24323609,,T,C,,1,1,1,concordant,0
sequence,,68158860,,T,C,,1,1,1,concordant,0
sequence,,153821444,,G,A,,1,1,1,concordant,0
sequence,,132392945,,C,T,,1,1,1,concordant,0
sequence,,211272782,,T,G,,1,1,1,concordant,0
sequence,,198963318,,T,A,,1,1,1,concordant,0
sequence,,54342925,,A,C,,1,1,1,concordant,0
sequence,,148581891,,CA,C,,1,1,1,concordant,0
sequence,,178557907,,C,G,,1,1,1,concordant,0
sequence,,81640263,,C,T,,1,1,1,concordant,0
sequence,,214916078,,A,C,,1,1,1,concordant,0
sequence,,140621742,,C,T,,1,1,1,concordant,0
sequence,,200544953,,C,T,,1,1,1,concordant,0
sequence,,156432131,,G,A,,1,1,1,concordant,0
sequence,,113904759,,G,A,,1,1,1,concordant,0
sequence,,83373595,,G,A,,1,1,1,concordant,0
sequence,,26644425,,T,TC,,1,1,1,concordant,0
sequence,,131844269,,T,G,,1,1,1,concordant,0
sequence,,136011110,,C,A,,1,1,1,concordant,0
sequence,,11806709,,A,G,,1,1,1,concordant,0
sequence,,88295892,,G,A,,1,1,1,concordant,0
sequence,,151100289,,C,T,,1,1,1,concordant,0
sequence,,170806626,,T,C,,1,1,1,concordant,0
sequence,,223959511,,G,C,,1,1,1,concordant,0
sequence,,239736076,,C,A,,1,1,1,concordant,0
sequence,,168575359,,A,T,,1,1,1,concordant,0
sequence,,162998011,,G,A,,1,1,1,concordant,0
sequence,,139603633,,G,T,,1,1,1,concordant,0
sequence,,33375625,,T,C,,1,1,1,concordant,0
sequence,,193376606,,A,G,,1,1,1,concordant,0
sequence,,25576317,,C,CA,,1,1,1,concordant,0
sequence,,200044973,,G,C,,1,1,1,concordant,0
sequence,,173232876,,T,C,,1,1,1,concordant,0
sequence,,111836970,,A,T,,1,1,1,concordant,0
sequence,,186578474,,T,C,,1,1,1,concordant,0
sequence,,196082812,,T,C,,1,1,1,concordant,0
sequence,,10112580,,T,TA,,1,1,1,concordant,0
sequence,,172037921,,G,A,,1,1,1,concordant,0
sequence,,144270982,,C,T,,1,1,1,concordant,0
sequence,,158766931,,C,T,,1,1,1,concordant,0
sequence,,99018436,,A,T,,1,1,1,concordant,0
sequence,,68031817,,T,C,,1,1,1,concordant,0
sequence,,179134471,,C,A,,1,1,1,concordant,0
sequence,,43938094,,T,C,,1,1,1,concordant,0
sequence,,160359137,,G,A,,1,1,1,concordant,0
sequence,,183393860,,G,A,,1,1,1,concordant,0
sequence,,85893481,,C,CTG,,1,1,1,concordant,0
sequence,,208992224,,A,C,,1,1,1,concordant,0
sequence,,209503853,,C,T,,1,1,1,concordant,0
sequence,,30691897,,A,G,,1,1,1,concordant,0
sequence,,74940071,,T,A,,1,1,1,concordant,0
sequence,,200687453,,T,A,,1,1,1,concordant,0
sequence,,106719761,,T,C,,1,1,1,concordant,0
sequence,,241591491,,C,T,,1,1,1,concordant,0
sequence,,114539694,,C,T,,1,1,1,concordant,0
sequence,,107203991,,C,T,,1,1,1,concordant,0
sequence,,213133813,,A,G,,1,1,1,concordant,0
sequence,,56538269,,G,C,,1,1,1,concordant,0
sequence,,213954379,,C,T,,1,1,1,concordant,0
sequence,,88708436,,A,G,,1,1,1,concordant,0
sequence,,9320892,,T,A,,1,1,1,concordant,0
sequence,,114679758,,T,C,,1,1,1,concordant,0
sequence,,41815378,,A,G,,1,1,1,concordant,0
sequence,,167259830,,G,A,,1,1,1,concordant,0
sequence,,214290987,,C,T,,1,1,1,concordant,0
sequence,,70574466,,T,C,,1,1,1,concordant,0
sequence,,80568016,,A,C,,1,1,1,concordant,0
sequence,,83889279,,G,A,,1,1,1,concordant,0
sequence,,192184043,,C,A,,1,1,1,concordant,0
sequence,,181451700,,G,T,,1,1,1,concordant,0
sequence,,17395338,,G,A,,1,1,1,concordant,0
sequence,,44373942,,C,G,,1,1,1,concordant,0
sequence,,79411059,,G,A,,1,1,1,concordant,0
sequence,,221455377,,G,T,,1,1,1,concordant,0
sequence,,154124145,,A,C,,1,1,1,concordant,0
sequence,,55058773,,G,C,,1,1,1,concordant,0
sequence,,4088163,,T,C,,1,1,1,concordant,0
sequence,,43882690,,A,G,,1,1,1,concordant,0
sequence,,127936561,,G,A,,1,1,1,concordant,0
sequence,,231708111,,G,A,,1,1,1,concordant,0
sequence,,18611282,,C,G,,1,1,1,concordant,0
sequence,,166582358,,A,G,,1,1,1,concordant,0
sequence,,121580429,,A,G,,1,1,1,concordant,0
sequence,,10657387,,T,C,,1,1,1,concordant,0
sequence,,50361296,,A,C,,1,1,1,concordant,0
sequence,,134566047,,C,T,,1,1,1,concordant,0
sequence,,231381742,,G,C,,1,1,1,concordant,0
sequence,,194876888,,G,C,,1,1,1,concordant,0
sequence,,165916660,,A,C,,1,1,1,concordant,0
sequence,,240019229,,C,T,,1,1,1,concordant,0
sequence,,55042840,,G,T,,1,1,1,concordant,0
sequence,,239070788,,A,C,,1,1,1,concordant,0
sequence,,117848915,,G,C,,1,1,1,concordant,0
sequence,,196284916,,C,T,,1,1,1,concordant,0
sequence,,215124928,,A,G,,1,1,1,concordant,0
sequence,,22316369,,G,A,,1,1,1,concordant,0
sequence,,54244567,,C,A,,1,1,1,concordant,0
sequence,,114759342,,A,G,,1,1,1,concordant,0
sequence,,224725675,,G,C,,1,1,1,concordant,0
sequence,,99974677,,C,T,,1,1,1,concordant,0
sequence,,208111045,,A,G,,1,1,1,concordant,0
sequence,,104745626,,G,A,,1,1,1,concordant,0
sequence,,220150269,,C,T,,1,1,1,concordant,0
sequence,,71390180,,C,A,,1,1,1,concordant,0
sequence,,59349406,,C,A,,1,1,1,concordant,0
sequence,,165603706,,T,A,,1,1,1,concordant,0
sequence,,170964879,,C,A,,1,1,1,concordant,0
sequence,,17866913,,T,C,,1,1,1,concordant,0
sequence,,71459353,,C,T,,1,1,1,concordant,0
sequence,,132605798,,CAAAT,C,,1,1,1,concordant,0
sequence,,236126932,,A,ACTTCT,,1,1,1,concordant,0
sequence,,206996844,,G,C,,1,1,1,concordant,0
sequence,,236356952,,C,G,,1,1,1,concordant,0
sequence,,187728233,,A,G,,1,1,1,concordant,0
sequence,,223456851,,T,C,,1,1,1,concordant,0
sequence,,15746974,,A,T,,1,1,1,concordant,0
sequence,,172289982,,G,A,,1,1,1,concordant,0
sequence,,240164849,,C,A,,1,1,1,concordant,0
sequence,,59921947,,C,G,,1,1,1,concordant,0
sequence,,80975755,,T,C,,1,1,1,concordant,0
sequence,,84472235,,C,CA,,1,1,1,concordant,0
sequence,,218991101,,G,A,,1,1,1,concordant,0
sequence,,161179224,,A,G,,1,1,1,concordant,0
sequence,,126729669,,G,A,,1,1,1,concordant,0
sequence,,53164833,,A,G,,1,1,1,concordant,0
sequence,,3136371,,G,A,,1,1,1,concordant,0
sequence,,52666470,,C,G,,1,1,1,concordant,0
sequence,,18147131,,C,T,,1,1,1,concordant,0
sequence,,234974146,,C,T,,1,1,1,concordant,0
sequence,,21529174,,A,C,,1,1,1,concordant,0
sequence,,10706471,,A,T,,1,1,1,concordant,0
sequence,,232705513,,A,T,,1,1,1,concordant,0
sequence,,71969333,,C,T,,1,1,1,concordant,0
sequence,,230075055,,G,A,,1,1,1,concordant,0
sequence,,141424699,,T,A,,1,1,1,concordant,0
sequence,,151194068,,A,T,,1,1,1,concordant,0
sequence,,81762539,,T,C,,1,1,1,concordant,0
sequence,,190060433,,A,C,,1,1,1,concordant,0
sequence,,198299873,,C,T,,1,1,1,concordant,0
sequence,,147580441,,A,C,,1,1,1,concordant,0
sequence,,8390283,,T,C,,1,1,1,concordant,0
sequence,,171597754,,G,T,,1,1,1,concordant,0
sequence,,227801312,,A,G,,1,1,1,concordant,0
sequence,,115537304,,A,C,,1,1,1,concordant,0
sequence,,146017462,,G,A,,1,1,1,concordant,0
sequence,,108949345,,T,C,,1,1,1,concordant,0
sequence,,232229457,,G,C,,1,1,1,concordant,0
sequence,,41163928,,T,TC,,1,1,1,concordant,0
sequence,,154504502,,C,T,,1,1,1,concordant,0
sequence,,8986657,,T,C,,1,1,1,concordant,0
sequence,,155121210,,T,G,,1,1,1,concordant,0
sequence,,68285502,,T,C,,1,1,1,concordant,0
sequence,,171991902,,A,G,,1,1,1,concordant,0
sequence,,158286138,,C,T,,1,1,1,concordant,0
sequence,,130986992,,G,A,,1,1,1,concordant,0
sequence,,18039,,C,T,,1,1,1,concordant,0
sequence,,48610114,,C,T,,1,1,1,concordant,0
sequence,,239716415,,G,A,,1,1,1,concordant,0
sequence,,151103524,,A,G,,1,1,1,concordant,0
sequence,,7893675,,A,G,,1,1,1,concordant,0
sequence,,227241283,,G,A,,1,1,1,concordant,0
sequence,,177301343,,A,G,,1,1,1,concordant,0
sequence,,21525476,,G,A,,1,1,1,concordant,0
sequence,,239232166,,G,C,,1,1,1,concordant,0
sequence,,103860965,,A,C,,1,1,1,concordant,0
sequence,,148607910,,A,G,,1,1,1,concordant,0
sequence,,232795026,,C,T,,1,1,1,concordant,0
sequence,,127177883,,G,T,,1,1,1,concordant,0
sequence,,14987846,,C,T,,1,1,1,concordant,0
sequence,,174247267,,T,G,,1,1,1,concordant,0
sequence,,52870888,,C,T,,1,1,1,concordant,0
sequence,,24231486,,G,A,,1,1,1,concordant,0
sequence,,57114923,,C,G,,1,1,1,concordant,0
sequence,,237782820,,T,C,,1,1,1,concordant,0
sequence,,115144315,,A,G,,1,1,1,concordant,0
sequence,,62858456,,C,T,,1,1,1,concordant,0
sequence,,83922275,,T,G,,1,1,1,concordant,0
sequence,,122043151,,T,G,,1,1,1,concordant,0
sequence,,114919423,,T,C,,1,1,1,concordant,0
sequence,,24729250,,C,A,,1,1,1,concordant,0
sequence,,31347033,,T,C,,1,1,1,concordant,0
sequence,,49635592,,A,G,,1,1,1,concordant,0
sequence,,48642723,,C,T,,1,1,1,concordant,0
sequence,,132490553,,C,G,,1,1,1,concordant,0
sequence,,40426896,,A,C,,1,1,1,concordant,0
sequence,,146416279,,A,T,,1,1,1,concordant,0
sequence,,181662591,,A,G,,1,1,1,concordant,0
sequence,,6709009,,T,C,,1,1,1,concordant,0
sequence,,41443325,,G,C,,1,1,1,concordant,0
sequence,,224237560,,G,C,,1,1,1,concordant,0
sequence,,159230700,,C,T,,1,1,1,concordant,0
sequence,,170418358,,T,C,,1,1,1,concordant,0
sequence,,142120977,,A,G,,1,1,1,concordant,0
sequence,,168168614,,G,A,,1,1,1,concordant,0
sequence,,219296941,,G,A,,1,1,1,concordant,0
sequence,,62663989,,T,G,,1,1,1,concordant,0
sequence,,16969845,,C,T,,1,1,1,concordant,0
sequence,,106125526,,C,T,,1,1,1,concordant,0
sequence,,21022772,,T,C,,1,1,1,concordant,0
sequence,,56189762,,T,A,,1,1,1,concordant,0
sequence,,95560375,,AC,A,,1,1,1,concordant,0
sequence,,13624165,,C,T,,1,1,1,concordant,0
sequence,,236383219,,T,G,,1,1,1,concordant,0
sequence,,134217686,,T,C,,1,1,1,concordant,0
sequence,,196191993,,G,A,,1,1,1,concordant,0
sequence,,187351847,,G,T,,1,1,1,concordant,0
sequence,,58272505,,T,C,,1,1,1,concordant,0
sequence,,53077102,,A,G,,1,1,1,concordant,0
sequence,,34595526,,A,G,,1,1,1,concordant,0
sequence,,73040547,,C,T,,1,1,1,concordant,0
sequence,,186306000,,G,A,,1,1,1,concordant,0
sequence,,68118737,,C,T,,1,1,1,concordant,0
sequence,,98478993,,C,T,,1,1,1,concordant,0
sequence,,215422655,,C,T,,1,1,1,concordant,0
sequence,,27840136,,A,G,,1,1,1,concordant,0
sequence,,147170127,,T,C,,1,1,1,concordant,0
sequence,,184893708,,T,C,,1,1,1,concordant,0
sequence,,178264010,,G,A,,1,1,1,concordant,0
sequence,,186119503,,T,C,,1,1,1,concordant,0
sequence,,88582713,,C,T,,1,1,1,concordant,0
sequence,,223816056,,T,C,,1,1,1,concordant,0
sequence,,46369735,,T,A,,1,1,1,concordant,0
sequence,,82903871,,A,G,,1,1,1,concordant,0
sequence,,10169139,,G,T,,1,1,1,concordant,0
sequence,,153739127,,T,C,,1,1,1,concordant,0
sequence,,104030133,,C,T,,1,1,1,concordant,0
sequence,,123671254,,G,A,,1,1,1,concordant,0
sequence,,112721835,,G,T,,1,1,1,concordant,0
sequence,,203416948,,G,A,,1,1,1,concordant,0
sequence,,70419611,,C,T,,1,1,1,concordant,0
sequence,,42649827,,A,C,,1,1,1,concordant,0
sequence,,175973475,,G,A,,1,1,1,concordant,0
sequence,,224202639,,G,T,,1,1,1,concordant,0
sequence,,170430281,,G,A,,1,1,1,concordant,0
sequence,,70739699,,G,A,,1,1,1,concordant,0
sequence,,223519170,,T,C,,1,1,1,concordant,0
sequence,,220710956,,G,A,,1,1,1,concordant,0
sequence,,63198087,,C,T,,1,1,1,concordant,0
sequence,,31636419,,T,G,,1,1,1,concordant,0
sequence,,109777228,,T,C,,1,1,1,concordant,0
sequence,,56268163,,T,C,,1,1,1,concordant,0
sequence,,72683815,,T,A,,1,1,1,concordant,0
sequence,,166065946,,G,A,,1,1,1,concordant,0
sequence,,128228163,,G,A,,1,1,1,concordant,0
sequence,,55213863,,G,A,,1,1,1,concordant,0
sequence,,37271467,,T,C,,1,1,1,concordant,0
sequence,,141084866,,T,C,,1,1,1,concordant,0
sequence,,75422533,,C,G,,1,0,0,multiallelic_secondary,1
sequence,,223940063,,G,T,,1,1,1,concordant,0
sequence,,145970381,,T,G,,1,1,1,concordant,0
sequence,,229259520,,A,G,,1,1,1,concordant,0
sequence,,24248542,,G,T,,1,1,1,concordant,0
sequence,,43118389,,G,C,,1,1,1,concordant,0
sequence,,116649032,,G,A,,1,1,1,concordant,0
sequence,,153689219,,C,T,,1,1,1,concordant,0
sequence,,207137329,,C,A,,1,1,1,concordant,0
sequence,,57121874,,G,C,,1,1,1,concordant,0
sequence,,211878657,,C,T,,1,1,1,concordant,0
sequence,,50620222,,G,T,,1,1,1,concordant,0
sequence,,4477672,,A,G,,1,1,1,concordant,0
sequence,,124241203,,G,A,,1,1,1,concordant,0
sequence,,160907036,,C,T,,1,1,1,concordant,0
sequence,,218881652,,T,G,,1,1,1,concordant,0
sequence,,226388358,,A,G,,1,1,1,concordant,0
sequence,,203458629,,A,C,,1,1,1,concordant,0
sequence,,196914569,,T,C,,1,1,1,concordant,0
sequence,,242636893,,C,T,,1,1,1,concordant,0
sequence,,75781027,,G,T,,1,1,1,concordant,0
sequence,,116734568,,G,T,,1,1,1,concordant,0
sequence,,92188321,,C,T,,1,1,1,concordant,0
sequence,,192453571,,G,C,,1,1,1,concordant,0
sequence,,127427512,,G,A,,1,1,1,concordant,0
sequence,,22228040,,C,T,,1,1,1,concordant,0
sequence,,198378036,,A,AT,,1,1,1,concordant,0
sequence,,132661186,,A,G,,1,1,1,concordant,0
sequence,,151240870,,A,C,,1,1,1,concordant,0
sequence,,230650374,,A,T,,1,1,1,concordant,0
sequence,,80457617,,A,G,,1,1,1,concordant,0
sequence,,238287172,,T,C,,1,1,1,concordant,0
sequence,,199558415,,A,T,,1,1,1,concordant,0
sequence,,28585566,,G,C,,1,1,1,concordant,0
sequence,,5160496,,G,A,,1,1,1,concordant,0
sequence,,142282745,,C,A,,1,1,1,concordant,0
sequence,,135895940,,G,C,,1,1,1,concordant,0
sequence,,177801100,,A,G,,1,1,1,concordant,0
sequence,,234065412,,T,C,,1,1,1,concordant,0
sequence,,36624367,,T,C,,1,1,1,concordant,0
sequence,,39888146,,T,G,,1,1,1,concordant,0
sequence,,46069487,,C,A,,1,1,1,concordant,0
sequence,,143985274,,C,T,,1,1,1,concordant,0
sequence,,131822020,,A,C,,1,1,1,concordant,0
sequence,,64292161,,G,A,,1,1,1,concordant,0
sequence,,58993602,,G,A,,1,1,1,concordant,0
sequence,,194035808,,C,G,,1,1,1,concordant,0
sequence,,50059991,,G,A,,1,1,1,concordant,0
sequence,,58330708,,C,G,,1,1,1,concordant,0
sequence,,237774408,,G,A,,1,1,1,concordant,0
sequence,,186279485,,G,A,,1,1,1,concordant,0
sequence,,157995266,,C,T,,1,1,1,concordant,0
sequence,,163130743,,G,A,,1,1,1,concordant,0
sequence,,103379212,,A,G,,1,1,1,concordant,0
sequence,,55915089,,T,C,,1,1,1,concordant,0
sequence,,214768108,,T,A,,1,1,1,concordant,0
sequence,,155290830,,G,A,,1,1,1,concordant,0
sequence,,131984906,,G,C,,1,1,1,concordant,0
sequence,,130225100,,G,A,,1,1,1,concordant,0
sequence,,86820577,,A,T,,1,1,1,concordant,0
sequence,,83562983,,T,G,,1,1,1,concordant,0
sequence,,240741200,,G,A,,1,1,1,concordant,0
sequence,,240668433,,C,A,,1,1,1,concordant,0
sequence,,78196571,,T,C,,1,1,1,concordant,0
sequence,,167046726,,G,A,,1,1,1,concordant,0
sequence,,123439729,,C,T,,1,1,1,concordant,0
sequence,,118418119,,TTTTA,T,,1,1,1,concordant,0
sequence,,11000087,,T,C,,1,1,1,concordant,0
sequence,,174799317,,A,C,,1,1,1,concordant,0
sequence,,222112921,,G,A,,1,1,1,concordant,0
sequence,,195785333,,T,C,,1,1,1,concordant,0
sequence,,238423366,,G,A,,1,1,1,concordant,0
sequence,,206368566,,A,G,,1,1,1,concordant,0
sequence,,159762128,,TAGATC,T,,1,1,1,concordant,0
sequence,,29161846,,G,A,,1,1,1,concordant,0
sequence,,22599639,,C,T,,1,1,1,concordant,0
sequence,,48600030,,A,G,,1,1,1,concordant,0
sequence,,180521786,,A,T,,1,1,1,concordant,0
sequence,,46880896,,A,G,,1,1,1,concordant,0
sequence,,147812707,,C,T,,1,1,1,concordant,0
sequence,,68716104,,AAT,A,,1,1,1,concordant,0
sequence,,185518136,,T,C,,1,1,1,concordant,0
sequence,,76333982,,C,T,,1,1,1,concordant,0
sequence,,4790938,,C,T,,1,1,1,concordant,0
sequence,,82585548,,A,G,,1,1,1,concordant,0
sequence,,67055480,,A,G,,1,1,1,concordant,0
sequence,,173203516,,G,C,,1,1,1,concordant,0
sequence,,229645239,,G,C,,1,1,1,concordant,0
sequence,,27752525,,A,G,,1,1,1,concordant,0
sequence,,161645289,,C,A,,1,1,1,concordant,0
sequence,,128790433,,C,T,,1,1,1,concordant,0
sequence,,12073982,,G,A,,1,1,1,concordant,0
sequence,,148743581,,G,T,,1,1,1,concordant,0
sequence,,107126867,,G,A,,1,1,1,concordant,0
sequence,,55767032,,C,T,,1,1,1,concordant,0
sequence,,36239709,,T,G,,1,1,1,concordant,0
sequence,,191022630,,G,GA,,1,1,1,concordant,0
sequence,,149450725,,A,G,,1,1,1,concordant,0
sequence,,208012843,,T,C,,1,1,1,concordant,0
sequence,,129937175,,G,A,,1,1,1,concordant,0
sequence,,89889662,,C,G,,1,1,1,concordant,0
sequence,,16519206,,T,C,,1,1,1,concordant,0
sequence,,34297688,,A,T,,1,1,1,concordant,0
sequence,,69428985,,A,G,,1,1,1,concordant,0
sequence,,203204784,,G,T,,1,0,0,multiallelic_secondary,1
sequence,,81558031,,C,A,,1,1,1,concordant,0
sequence,,66974085,,G,A,,1,1,1,concordant,0
sequence,,40004150,,T,C,,1,1,1,concordant,0
sequence,,131745342,,T,C,,1,1,1,concordant,0
sequence,,196595401,,G,A,,1,1,1,concordant,0
sequence,,124706486,,T,C,,1,1,1,concordant,0
sequence,,10147629,,G,T,,1,1,1,concordant,0
sequence,,98886389,,A,T,,1,1,1,concordant,0
sequence,,154938990,,C,T,,1,1,1,concordant,0
sequence,,122836604,,A,C,,1,1,1,concordant,0
sequence,,77502167,,G,A,,1,1,1,concordant,0
sequence,,30811273,,C,T,,1,1,1,concordant,0
sequence,,111006039,,C,T,,1,1,1,concordant,0
sequence,,2697711,,C,A,,1,1,1,concordant,0
sequence,,81191876,,T,C,,1,1,1,concordant,0
sequence,,232247028,,A,C,,1,1,1,concordant,0
sequence,,190322279,,A,G,,1,1,1,concordant,0
sequence,,6317006,,G,A,,1,1,1,concordant,0
sequence,,227370782,,C,T,,1,1,1,concordant,0
sequence,,195683557,,A,G,,1,1,1,concordant,0
sequence,,144283806,,C,T,,1,1,1,concordant,0
sequence,,9437260,,C,T,,1,1,1,concordant,0
sequence,,185769447,,G,C,,1,1,1,concordant,0
sequence,,45206147,,G,A,,1,1,1,concordant,0
sequence,,6052147,,A,G,,1,1,1,concordant,0
sequence,,80718518,,G,A,,1,1,1,concordant,0
sequence,,208112054,,C,A,,1,1,1,concordant,0
sequence,,12915904,,G,A,,1,1,1,concordant,0
sequence,,146830281,,G,C,,1,1,1,concordant,0
sequence,,126222628,,A,G,,1,1,1,concordant,0
sequence,,148016094,,T,G,,1,1,1,concordant,0
sequence,,134799541,,T,C,,1,1,1,concordant,0
sequence,,166959907,,C,G,,1,1,1,concordant,0
sequence,,125662372,,C,T,,1,1,1,concordant,0
sequence,,152059548,,C,G,,1,1,1,concordant,0
sequence,,58759102,,C,T,,1,1,1,concordant,0
sequence,,174145773,,G,T,,1,1,1,concordant,0
sequence,,50193755,,T,A,,1,1,1,concordant,0
sequence,,105029105,,T,C,,1,1,1,concordant,0
sequence,,117671153,,G,T,,1,1,1,concordant,0
sequence,,12265127,,T,A,,1,1,1,concordant,0
sequence,,130405621,,T,C,,1,1,1,concordant,0
sequence,,46645398,,A,G,,1,1,1,concordant,0
sequence,,225402824,,T,C,,1,1,1,concordant,0
sequence,,106179469,,C,T,,1,1,1,concordant,0
sequence,,74929736,,C,T,,1,1,1,concordant,0
sequence,,99392744,,T,C,,1,1,1,concordant,0
sequence,,178198181,,T,C,,1,1,1,concordant,0
sequence,,126103840,,A,C,,1,1,1,concordant,0
sequence,,233319389,,G,A,,1,1,1,concordant,0
sequence,,188867519,,T,A,,1,1,1,concordant,0
sequence,,112957050,,C,T,,1,1,1,concordant,0
sequence,,38146231,,A,C,,1,1,1,concordant,0
sequence,,131985987,,G,A,,1,1,1,concordant,0
sequence,,121986689,,G,A,,1,1,1,concordant,0
sequence,,17357721,,G,A,,1,1,1,concordant,0
sequence,,132091782,,C,T,,1,1,1,concordant,0
sequence,,185928182,,T,C,,1,1,1,concordant,0
sequence,,59886833,,A,G,,1,1,1,concordant,0
sequence,,149180027,,A,G,,1,1,1,concordant,0
sequence,,63091312,,T,C,,1,1,1,concordant,0
sequence,,196544496,,A,G,,1,1,1,concordant,0
sequence,,36941346,,T,C,,1,1,1,concordant,0
sequence,,166637228,,C,T,,1,1,1,concordant,0
sequence,,161383560,,T,C,,1,1,1,concordant,0
sequence,,145052118,,T,C,,1,1,1,concordant,0
sequence,,24143958,,C,A,,1,1,1,concordant,0
sequence,,67099199,,G,A,,1,1,1,concordant,0
sequence,,108382289,,C,CA,,1,1,1,concordant,0
sequence,,89314941,,T,C,,1,1,1,concordant,0
sequence,,50008000,,C,G,,1,1,1,concordant,0
sequence,,219874138,,G,C,,1,1,1,concordant,0
sequence,,30520869,,G,A,,1,1,1,concordant,0
sequence,,19107915,,C,T,,1,1,1,concordant,0
sequence,,19789891,,G,A,,1,1,1,concordant,0
sequence,,13328239,,T,G,,1,1,1,concordant,0
sequence,,69345055,,A,C,,1,1,1,concordant,0
sequence,,45843442,,T,C,,1,1,1,concordant,0
sequence,,169379759,,C,G,,1,1,1,concordant,0
sequence,,5327389,,G,T,,1,1,1,concordant,0
sequence,,204197118,,G,A,,1,1,1,concordant,0
sequence,,103926130,,G,A,,1,1,1,concordant,0
sequence,,234784177,,A,G,,1,1,1,concordant,0
sequence,,222677890,,T,C,,1,1,1,concordant,0
sequence,,82432786,,T,G,,1,1,1,concordant,0
sequence,,76395526,,T,G,,1,1,1,concordant,0
sequence,,237060059,,C,T,,1,1,1,concordant,0
sequence,,236370200,,G,C,,1,1,1,concordant,0
sequence,,115780332,,T,C,,1,1,1,concordant,0
sequence,,62888069,,T,C,,1,1,1,concordant,0
sequence,,218532737,,G,A,,1,1,1,concordant,0
sequence,,139197408,,G,A,,1,1,1,concordant,0
sequence,,95491485,,T,A,,1,1,1,concordant,0
sequence,,51395854,,T,C,,1,1,1,concordant,0
sequence,,163044969,,T,A,,1,1,1,concordant,0
sequence,,216321972,,C,T,,1,1,1,concordant,0
sequence,,115672429,,C,T,,1,1,1,concordant,0
sequence,,218972672,,CG,C,,1,1,1,concordant,0
sequence,,12038777,,T,G,,1,1,1,concordant,0
sequence,,105052442,,C,T,,1,1,1,concordant,0
sequence,,219032901,,C,T,,1,1,1,concordant,0
sequence,,43185879,,A,G,,1,1,1,concordant,0
sequence,,194894050,,G,A,,1,1,1,concordant,0
sequence,,17565188,,T,G,,1,1,1,concordant,0
sequence,,127297076,,A,G,,1,1,1,concordant,0
sequence,,172211225,,C,G,,1,1,1,concordant,0
sequence,,207231233,,C,G,,1,1,1,concordant,0
sequence,,70838026,,C,A,,1,1,1,concordant,0
sequence,,188206192,,A,G,,1,1,1,concordant,0
sequence,,13049483,,C,T,,1,1,1,concordant,0
sequence,,231769219,,G,A,,1,1,1,concordant,0
sequence,,4643059,,A,G,,1,1,1,concordant,0
sequence,,12974719,,A,C,,1,1,1,concordant,0
sequence,,80827159,,T,G,,1,1,1,concordant,0
sequence,,148917689,,C,T,,1,1,1,concordant,0
sequence,,162923864,,G,A,,1,1,1,concordant,0
sequence,,142185567,,T,C,,1,1,1,concordant,0
sequence,,29397966,,G,A,,1,1,1,concordant,0
sequence,,144538237,,G,A,,1,1,1,concordant,0
sequence,,17960626,,A,G,,1,1,1,concordant,0
sequence,,239219695,,A,T,,1,1,1,concordant,0
sequence,,7624786,,G,A,,1,1,1,concordant,0
sequence,,235263641,,G,T,,1,1,1,concordant,0
sequence,,168007597,,GC,G,,1,1,1,concordant,0
sequence,,198798394,,C,G,,1,1,1,concordant,0
sequence,,33465012,,G,A,,1,1,1,concordant,0
sequence,,125963165,,G,A,,1,1,1,concordant,0
sequence,,26584697,,G,T,,1,1,1,concordant,0
sequence,,109347325,,C,T,,1,1,1,concordant,0
sequence,,218690790,,C,T,,1,1,1,concordant,0
sequence,,198140385,,C,T,,1,1,1,concordant,0
sequence,,241762578,,T,G,,1,1,1,concordant,0
sequence,,77723895,,G,A,,1,1,1,concordant,0
sequence,,18916011,,T,G,,1,1,1,concordant,0
sequence,,45497275,,A,G,,1,1,1,concordant,0
sequence,,148325343,,A,T,,1,1,1,concordant,0
sequence,,170621786,,C,G,,1,1,1,concordant,0
sequence,,6734875,,T,C,,1,1,1,concordant,0
sequence,,11759319,,C,T,,1,1,1,concordant,0
sequence,,89159885,,G,T,,1,1,1,concordant,0
sequence,,65402313,,TACAC,T,,1,1,1,concordant,0
range,100,18763813,18763913,,,,1,1,1,concordant,0
range,100,23071759,23071859,,,,1,1,1,concordant,0
range,100,77050016,77050116,,,,6,5,0,dropped_cnv,1
range,100,190441835,190441935,,,,7,7,1,concordant,0
range,100,13322903,13323003,,,,4,4,1,concordant,0
range,100,235517128,235517228,,,,5,5,1,concordant,0
range,100,97521627,97521727,,,,2,2,1,concordant,0
range,100,50171945,50172045,,,,1,1,1,concordant,0
range,100,125341423,125341523,,,,2,2,1,concordant,0
range,100,14141869,14141969,,,,5,5,1,concordant,0
range,100,9781119,9781219,,,,3,3,1,concordant,0
range,100,218117416,218117516,,,,3,3,1,concordant,0
range,100,40737341,40737441,,,,0,0,1,concordant,0
range,100,222913829,222913929,,,,4,4,1,concordant,0
range,100,226594488,226594588,,,,2,2,1,concordant,0
range,100,26327156,26327256,,,,3,3,1,concordant,0
range,100,167149298,167149398,,,,2,2,1,concordant,0
range,100,90453039,90453139,,,,1,1,1,concordant,0
range,100,145524531,145524631,,,,3,3,1,concordant,0
range,100,161421837,161421937,,,,1,1,1,concordant,0
range,100,191622647,191622747,,,,3,3,1,concordant,0
range,100,229588455,229588555,,,,5,5,1,concordant,0
range,100,20931990,20932090,,,,1,1,1,concordant,0
range,100,6089554,6089654,,,,3,3,1,concordant,0
range,100,47336470,47336570,,,,2,2,1,concordant,0
range,100,153984330,153984430,,,,2,0,0,dropped_cnv,1
range,100,202811041,202811141,,,,3,3,1,concordant,0
range,100,16869657,16869757,,,,4,3,0,dropped_cnv,1
range,100,229742843,229742943,,,,3,2,0,dropped_cnv,1
range,100,52338399,52338499,,,,8,7,0,dropped_cnv,1
range,100,120885573,120885673,,,,6,6,1,concordant,0
range,100,50055306,50055406,,,,3,3,1,concordant,0
range,100,239329001,239329101,,,,2,2,1,concordant,0
range,100,233345474,233345574,,,,6,7,0,range_boundary,0
range,100,228410235,228410335,,,,1,2,0,range_boundary,0
range,100,80772946,80773046,,,,4,4,1,concordant,0
range,100,38522691,38522791,,,,2,3,0,range_boundary,0
range,100,146862386,146862486,,,,1,1,1,concordant,0
range,100,186234370,186234470,,,,5,3,0,dropped_cnv,1
range,100,218138723,218138823,,,,2,2,1,concordant,0
range,100,224826127,224826227,,,,1,1,1,concordant,0
range,100,132944697,132944797,,,,5,5,1,concordant,0
range,100,148057160,148057260,,,,4,4,1,concordant,0
range,100,162523813,162523913,,,,9,6,0,dropped_cnv,1
range,100,214510891,214510991,,,,2,3,0,range_boundary,0
range,100,65622336,65622436,,,,1,1,1,concordant,0
range,100,162693448,162693548,,,,2,1,0,dropped_cnv,1
range,100,111317134,111317234,,,,1,0,0,dropped_cnv,1
range,100,95917114,95917214,,,,6,4,0,dropped_cnv,1
range,100,152867325,152867425,,,,2,1,0,dropped_cnv,1
range,100,90302502,90302602,,,,0,0,1,concordant,0
range,100,30567715,30567815,,,,3,3,1,concordant,0
range,100,132959202,132959302,,,,0,0,1,concordant,0
range,100,73823887,73823987,,,,0,0,1,concordant,0
range,100,76241494,76241594,,,,4,4,1,concordant,0
range,100,72511116,72511216,,,,3,3,1,concordant,0
range,100,81868364,81868464,,,,2,2,1,concordant,0
range,100,31261151,31261251,,,,6,6,1,concordant,0
range,100,128363880,128363980,,,,2,2,1,concordant,0
range,100,161039382,161039482,,,,4,4,1,concordant,0
range,100,223729472,223729572,,,,2,2,1,concordant,0
range,100,8064350,8064450,,,,1,1,1,concordant,0
range,100,103845979,103846079,,,,5,5,1,concordant,0
range,100,18308467,18308567,,,,1,1,1,concordant,0
range,100,19099240,19099340,,,,3,3,1,concordant,0
range,100,212736894,212736994,,,,4,3,0,dropped_cnv,1
range,100,27768322,27768422,,,,5,4,0,dropped_cnv,1
range,100,81538232,81538332,,,,5,4,0,dropped_cnv,1
range,100,36255453,36255553,,,,1,1,1,concordant,0
range,100,44081480,44081580,,,,4,4,1,concordant,0
range,100,17749750,17749850,,,,2,2,1,concordant,0
range,100,242512922,242513022,,,,7,7,1,concordant,0
range,100,237734224,237734324,,,,3,4,0,range_boundary,0
range,100,4222777,4222877,,,,6,5,0,dropped_cnv,1
range,100,41267850,41267950,,,,2,2,1,concordant,0
range,100,139916966,139917066,,,,3,3,1,concordant,0
range,100,220059915,220060015,,,,0,0,1,concordant,0
range,100,183629588,183629688,,,,4,3,0,dropped_cnv,1
range,100,232197899,232197999,,,,1,1,1,concordant,0
range,100,219525629,219525729,,,,2,2,1,concordant,0
range,100,26537331,26537431,,,,4,4,1,concordant,0
range,100,146464997,146465097,,,,4,4,1,concordant,0
range,100,74629388,74629488,,,,1,1,1,concordant,0
range,100,80340101,80340201,,,,5,6,0,range_boundary,0
range,100,205005255,205005355,,,,2,2,1,concordant,0
range,100,141545795,141545895,,,,6,6,1,concordant,0
range,100,77565728,77565828,,,,3,3,1,concordant,0
range,100,42599207,42599307,,,,2,2,1,concordant,0
range,100,108685400,108685500,,,,3,3,1,concordant,1
range,100,39343079,39343179,,,,5,6,0,range_boundary,0
range,100,121784700,121784800,,,,4,2,0,dropped_cnv,1
range,100,23877004,23877104,,,,4,4,1,concordant,0
range,100,156335695,156335795,,,,1,1,1,concordant,0
range,100,71857509,71857609,,,,4,4,1,concordant,0
range,100,145294535,145294635,,,,4,2,0,dropped_cnv,1
range,100,203347866,203347966,,,,0,0,1,concordant,0
range,100,171033904,171034004,,,,3,3,1,concordant,0
range,100,76499685,76499785,,,,4,4,1,concordant,0
range,100,12437861,12437961,,,,0,0,1,concordant,0
range,100,123265759,123265859,,,,5,6,0,range_boundary,0
range,100,25725036,25725136,,,,3,3,1,concordant,0
range,100,2598401,2598501,,,,1,1,1,concordant,0
range,100,122176713,122176813,,,,3,3,1,concordant,0
range,100,91405097,91405197,,,,0,0,1,concordant,0
range,100,242458728,242458828,,,,8,8,1,concordant,0
range,100,140496577,140496677,,,,1,1,1,concordant,0
range,100,189840673,189840773,,,,0,0,1,concordant,0
range,100,54263887,54263987,,,,0,0,1,concordant,0
range,100,49685878,49685978,,,,3,2,0,dropped_cnv,1
range,100,220416316,220416416,,,,1,1,1,concordant,0
range,100,119458546,119458646,,,,1,1,1,concordant,0
range,100,6805120,6805220,,,,5,4,0,dropped_cnv,1
range,100,131076496,131076596,,,,6,3,0,dropped_cnv,1
range,100,3883279,3883379,,,,3,3,1,concordant,0
range,100,94826281,94826381,,,,0,0,1,concordant,0
range,100,93447703,93447803,,,,0,0,1,concordant,0
range,100,48473615,48473715,,,,3,3,1,concordant,0
range,100,165305622,165305722,,,,2,2,1,concordant,0
range,100,191552472,191552572,,,,2,2,1,concordant,0
range,100,165860833,165860933,,,,3,0,0,dropped_cnv,1
range,100,65785080,65785180,,,,2,2,1,concordant,0
range,100,96790426,96790526,,,,7,6,0,dropped_cnv,1
range,100,133881136,133881236,,,,3,3,1,concordant,0
range,100,198619688,198619788,,,,0,0,1,concordant,0
range,100,181654588,181654688,,,,2,2,1,concordant,0
range,100,84997718,84997818,,,,2,2,1,concordant,0
range,100,58391402,58391502,,,,8,8,1,concordant,0
range,100,165655671,165655771,,,,2,1,0,dropped_cnv,1
range,100,181558118,181558218,,,,1,1,1,concordant,0
range,100,102946463,102946563,,,,4,4,1,concordant,0
range,100,130093710,130093810,,,,1,1,1,concordant,0
range,100,168838438,168838538,,,,1,1,1,concordant,0
range,100,105189677,105189777,,,,1,1,1,concordant,0
range,100,189687777,189687877,,,,2,3,0,range_boundary,0
range,100,66503992,66504092,,,,2,2,1,concordant,0
range,100,126041322,126041422,,,,2,2,1,concordant,1
range,100,27626052,27626152,,,,2,2,1,concordant,0
range,100,98977922,98978022,,,,2,2,1,concordant,0
range,100,33995035,33995135,,,,8,8,1,concordant,0
range,100,184859176,184859276,,,,2,1,0,dropped_cnv,1
range,100,176405430,176405530,,,,1,1,1,concordant,0
range,100,127663277,127663377,,,,3,3,1,concordant,0
range,100,15374626,15374726,,,,3,2,0,dropped_cnv,1
range,100,153623193,153623293,,,,4,3,0,dropped_cnv,1
range,100,201856541,201856641,,,,3,3,1,concordant,0
range,100,102774994,102775094,,,,4,4,1,concordant,0
range,100,20975857,20975957,,,,4,4,1,concordant,0
range,100,61590484,61590584,,,,5,5,1,concordant,0
range,100,64526462,64526562,,,,3,3,1,concordant,0
range,100,33348144,33348244,,,,2,2,1,concordant,0
range,100,65253963,65254063,,,,4,5,0,range_boundary,0
range,100,77756611,77756711,,,,4,3,0,dropped_cnv,1
range,100,119288953,119289053,,,,3,3,1,concordant,0
range,100,163819711,163819811,,,,5,5,1,concordant,0
range,100,18196876,18196976,,,,2,1,0,dropped_cnv,1
range,100,227431910,227432010,,,,3,3,1,concordant,0
range,100,137617187,137617287,,,,6,6,1,concordant,0
range,100,54993369,54993469,,,,2,2,1,concordant,0
range,100,211258357,211258457,,,,1,1,1,concordant,0
range,100,177132709,177132809,,,,3,2,0,dropped_cnv,1
range,100,202044722,202044822,,,,2,2,1,concordant,0
range,100,76263777,76263877,,,,1,1,1,concordant,0
range,100,176961866,176961966,,,,5,5,1,concordant,0
range,100,141479516,141479616,,,,3,3,1,concordant,0
range,100,99259021,99259121,,,,6,6,1,concordant,0
range,100,79918174,79918274,,,,6,6,1,concordant,0
range,100,145408848,145408948,,,,3,3,1,concordant,0
range,100,776206,776306,,,,6,4,0,dropped_cnv,1
range,100,75111709,75111809,,,,0,0,1,concordant,0
range,100,164902487,164902587,,,,4,4,1,concordant,0
range,100,67720666,67720766,,,,4,4,1,concordant,0
range,100,142595127,142595227,,,,2,2,1,concordant,0
range,100,109743219,109743319,,,,3,4,0,range_boundary,0
range,100,177110369,177110469,,,,4,4,1,concordant,0
range,100,197632379,197632479,,,,1,1,1,concordant,0
range,100,25614125,25614225,,,,2,2,1,concordant,0
range,100,41594090,41594190,,,,4,4,1,concordant,0
range,100,179299261,179299361,,,,2,2,1,concordant,0
range,100,227524572,227524672,,,,2,2,1,concordant,0
range,100,195482808,195482908,,,,2,2,1,concordant,0
range,100,12402653,12402753,,,,1,2,0,range_boundary,0
range,100,199531195,199531295,,,,3,3,1,concordant,0
range,100,218655697,218655797,,,,4,3,0,dropped_cnv,1
range,100,183050849,183050949,,,,6,6,1,concordant,0
range,100,134872971,134873071,,,,4,4,1,concordant,0
range,100,98924625,98924725,,,,2,2,1,concordant,0
range,100,235361316,235361416,,,,4,4,1,concordant,0
range,100,137520290,137520390,,,,0,0,1,concordant,0
range,100,98437664,98437764,,,,2,2,1,concordant,0
range,100,169659933,169660033,,,,1,1,1,concordant,0
range,100,226721291,226721391,,,,1,1,1,concordant,0
range,100,233180219,233180319,,,,0,0,1,concordant,0
range,100,115848887,115848987,,,,2,2,1,concordant,0
range,100,120685323,120685423,,,,3,2,0,dropped_cnv,1
range,100,221930547,221930647,,,,4,4,1,concordant,0
range,100,213582288,213582388,,,,2,2,1,concordant,0
range,100,234511749,234511849,,,,0,1,0,range_boundary,0
range,100,31130885,31130985,,,,1,0,0,dropped_cnv,1
range,100,190873221,190873321,,,,0,0,1,concordant,0
range,100,22727786,22727886,,,,2,2,1,concordant,0
range,1000,66425619,66426619,,,,19,19,1,concordant,0
range,1000,205827679,205828679,,,,31,31,1,concordant,0
range,1000,239132954,239133954,,,,36,36,1,concordant,0
range,1000,160553978,160554978,,,,21,21,1,concordant,0
range,1000,204934963,204935963,,,,37,37,1,concordant,0
range,1000,3077441,3078441,,,,32,32,1,concordant,0
range,1000,77451540,77452540,,,,46,46,1,concordant,0
range,1000,94900566,94901566,,,,0,0,1,concordant,0
range,1000,178440403,178441403,,,,25,25,1,concordant,0
range,1000,186566613,186567613,,,,21,20,0,dropped_cnv,1
range,1000,39503434,39504434,,,,33,33,1,concordant,0
range,1000,152792410,152793410,,,,23,22,0,dropped_cnv,1
range,1000,47339541,47340541,,,,32,32,1,concordant,0
range,1000,158421932,158422932,,,,26,26,1,concordant,0
range,1000,97120500,97121500,,,,30,29,0,dropped_cnv,1
range,1000,197482724,197483724,,,,28,27,0,dropped_cnv,1
range,1000,184701426,184702426,,,,26,26,1,concordant,0
range,1000,49546184,49547184,,,,42,41,0,dropped_cnv,1
range,1000,71145395,71146395,,,,30,30,1,concordant,0
range,1000,9614342,9615342,,,,30,30,1,concordant,0
range,1000,142995504,142996504,,,,25,25,1,concordant,0
range,1000,205974618,205975618,,,,34,34,1,concordant,0
range,1000,115373548,115374548,,,,21,20,0,dropped_cnv,1
range,1000,235607616,235608616,,,,44,44,1,concordant,0
range,1000,94394739,94395739,,,,0,0,1,concordant,0
range,1000,184444777,184445777,,,,28,28,1,concordant,0
range,1000,40639065,40640065,,,,51,51,1,concordant,0
range,1000,161175502,161176502,,,,23,23,1,concordant,0
range,1000,40312449,40313449,,,,38,38,1,concordant,0
range,1000,174711254,174712254,,,,30,31,0,range_boundary,0
range,1000,214209814,214210814,,,,19,19,1,concordant,0
range,1000,168087765,168088765,,,,39,39,1,concordant,0
range,1000,27657555,27658555,,,,15,15,1,concordant,0
range,1000,214788980,214789980,,,,30,30,1,concordant,0
range,1000,69791019,69792019,,,,32,32,1,concordant,0
range,1000,82309309,82310309,,,,29,28,0,dropped_cnv,1
range,1000,95002096,95003096,,,,0,0,1,concordant,0
range,1000,50248867,50249867,,,,26,26,1,concordant,0
range,1000,54763334,54764334,,,,28,29,0,range_boundary,0
range,1000,9513728,9514728,,,,33,33,1,concordant,0
range,1000,40003300,40004300,,,,37,37,1,concordant,0
range,1000,95575532,95576532,,,,27,25,0,dropped_cnv,1
range,1000,226494485,226495485,,,,27,27,1,concordant,0
range,1000,186767585,186768585,,,,24,23,0,dropped_cnv,1
range,1000,193530856,193531856,,,,21,20,0,dropped_cnv,1
range,1000,46671659,46672659,,,,41,39,0,dropped_cnv,1
range,1000,94486202,94487202,,,,0,0,1,concordant,0
range,1000,118415127,118416127,,,,29,29,1,concordant,0
range,1000,231274883,231275883,,,,36,36,1,concordant,0
range,1000,31742701,31743701,,,,33,33,1,concordant,0
range,1000,45109047,45110047,,,,34,34,1,concordant,0
range,1000,20799863,20800863,,,,38,38,1,concordant,0
range,1000,31708480,31709480,,,,47,47,1,concordant,0
range,1000,132861656,132862656,,,,31,31,1,concordant,0
range,1000,196704832,196705832,,,,23,23,1,concordant,0
range,1000,75288864,75289864,,,,33,33,1,concordant,0
range,1000,23032264,23033264,,,,30,29,0,dropped_cnv,1
range,1000,148561035,148562035,,,,32,32,1,concordant,0
range,1000,161556586,161557586,,,,21,21,1,concordant,0
range,1000,22534152,22535152,,,,27,28,0,range_boundary,0
range,1000,84104010,84105010,,,,41,40,0,dropped_cnv,1
range,1000,120377721,120378721,,,,21,22,0,range_boundary,0
range,1000,1846123,1847123,,,,54,54,1,concordant,0
range,1000,20124733,20125733,,,,22,23,0,range_boundary,0
range,1000,214321042,214322042,,,,21,21,1,concordant,0
range,1000,238164865,238165865,,,,30,29,0,dropped_cnv,1
range,1000,118808301,118809301,,,,35,35,1,concordant,0
range,1000,157938447,157939447,,,,34,34,1,concordant,0
range,1000,60063866,60064866,,,,39,39,1,concordant,0
range,1000,119431241,119432241,,,,16,16,1,concordant,0
range,1000,131514238,131515238,,,,30,31,0,range_boundary,0
range,1000,150650300,150651300,,,,52,52,1,concordant,0
range,1000,173359845,173360845,,,,27,27,1,concordant,0
range,1000,110366259,110367259,,,,32,31,0,dropped_cnv,1
range,1000,48438975,48439975,,,,35,35,1,concordant,0
range,1000,224046334,224047334,,,,34,34,1,concordant,0
range,1000,1110799,1111799,,,,56,56,1,concordant,0
range,1000,12529306,12530306,,,,27,27,1,concordant,0
range,1000,66583776,66584776,,,,31,32,0,range_boundary,0
range,1000,169727749,169728749,,,,32,32,1,concordant,0
range,1000,100954676,100955676,,,,22,22,1,concordant,0
range,1000,210711857,210712857,,,,28,28,1,concordant,0
range,1000,235903717,235904717,,,,47,47,1,concordant,0
range,1000,54869801,54870801,,,,39,39,1,concordant,0
range,1000,216668709,216669709,,,,25,25,1,concordant,0
range,1000,88755686,88756686,,,,25,25,1,concordant,0
range,1000,124217958,124218958,,,,34,32,0,dropped_cnv,1
range,1000,171562597,171563597,,,,23,23,1,concordant,0
range,1000,55510848,55511848,,,,33,33,1,concordant,0
range,1000,138377603,138378603,,,,36,35,0,dropped_cnv,1
range,1000,85176435,85177435,,,,39,39,1,concordant,0
range,1000,140316612,140317612,,,,19,19,1,concordant,0
range,1000,112804164,112805164,,,,16,16,1,concordant,0
range,1000,71569526,71570526,,,,25,24,0,dropped_cnv,1
range,1000,114954674,114955674,,,,33,33,1,concordant,0
range,1000,30667231,30668231,,,,29,29,1,concordant,0
range,1000,143791903,143792903,,,,19,19,1,concordant,0
range,1000,235756089,235757089,,,,36,35,0,dropped_cnv,1
range,1000,119390887,119391887,,,,41,41,1,concordant,0
range,1000,18276998,18277998,,,,40,40,1,concordant,0
range,1000,33343476,33344476,,,,33,33,1,concordant,0
range,1000,238069415,238070415,,,,35,35,1,concordant,0
range,1000,75122349,75123349,,,,30,30,1,concordant,0
range,1000,106954661,106955661,,,,35,33,0,dropped_cnv,1
range,1000,43106378,43107378,,,,29,30,0,range_boundary,0
range,1000,97280142,97281142,,,,15,15,1,concordant,0
range,1000,23048945,23049945,,,,26,26,1,concordant,0
range,1000,27487296,27488296,,,,21,21,1,concordant,0
range,1000,169495548,169496548,,,,28,28,1,concordant,0
range,1000,29190100,29191100,,,,28,28,1,concordant,0
range,1000,170519018,170520018,,,,28,28,1,concordant,0
range,1000,88621457,88622457,,,,25,25,1,concordant,0
range,1000,84265709,84266709,,,,28,28,1,concordant,0
range,1000,168448975,168449975,,,,37,36,0,dropped_cnv,1
range,1000,142498020,142499020,,,,28,28,1,concordant,0
range,1000,88067740,88068740,,,,0,0,1,concordant,0
range,1000,135385733,135386733,,,,25,25,1,concordant,0
range,1000,147444458,147445458,,,,32,31,0,dropped_cnv,1
range,1000,184960875,184961875,,,,35,33,0,dropped_cnv,1
range,1000,131492419,131493419,,,,28,28,1,concordant,0
range,1000,120477307,120478307,,,,19,19,1,concordant,0
range,1000,52831213,52832213,,,,22,20,0,dropped_cnv,1
range,1000,200369670,200370670,,,,21,21,1,concordant,0
range,1000,63414402,63415402,,,,19,19,1,concordant,0
range,1000,230740082,230741082,,,,20,18,0,dropped_cnv,1
range,1000,10965270,10966270,,,,41,42,0,range_boundary,0
range,1000,119132757,119133757,,,,17,17,1,concordant,0
range,1000,151992928,151993928,,,,19,19,1,concordant,0
range,1000,115289585,115290585,,,,28,27,0,dropped_cnv,1
range,1000,85861951,85862951,,,,29,29,1,concordant,0
range,1000,44768779,44769779,,,,33,32,0,dropped_cnv,1
range,1000,68864834,68865834,,,,24,24,1,concordant,0
range,1000,82003064,82004064,,,,35,35,1,concordant,0
range,1000,88163578,88164578,,,,29,29,1,concordant,0
range,1000,105482695,105483695,,,,19,19,1,concordant,0
range,1000,198527870,198528870,,,,24,24,1,concordant,0
range,1000,239650662,239651662,,,,23,23,1,concordant,0
range,1000,117929642,117930642,,,,30,29,0,dropped_cnv,1
range,1000,182623302,182624302,,,,28,28,1,concordant,0
range,1000,6924952,6925952,,,,43,43,1,concordant,0
range,1000,154456158,154457158,,,,35,34,0,dropped_cnv,1
range,1000,137744673,137745673,,,,30,30,1,concordant,0
range,1000,232057404,232058404,,,,22,21,0,dropped_cnv,1
range,1000,117526571,117527571,,,,38,35,0,dropped_cnv,1
range,1000,179957773,179958773,,,,48,47,0,dropped_cnv,1
range,1000,211383689,211384689,,,,23,23,1,concordant,0
range,1000,61958731,61959731,,,,36,36,1,concordant,0
range,1000,111747978,111748978,,,,22,23,0,range_boundary,0
range,1000,137537943,137538943,,,,26,26,1,concordant,0
range,1000,230174403,230175403,,,,25,25,1,concordant,0
range,1000,180436213,180437213,,,,32,32,1,concordant,0
range,1000,145518483,145519483,,,,23,23,1,concordant,0
range,1000,30827278,30828278,,,,24,23,0,dropped_cnv,1
range,1000,18166593,18167593,,,,36,35,0,dropped_cnv,1
range,1000,228777666,228778666,,,,41,41,1,concordant,0
range,1000,114295485,114296485,,,,4,2,0,dropped_cnv,1
range,1000,98834464,98835464,,,,25,25,1,concordant,0
range,1000,77016702,77017702,,,,33,32,0,dropped_cnv,1
range,1000,126088661,126089661,,,,33,32,0,dropped_cnv,1
range,1000,196294082,196295082,,,,27,26,0,dropped_cnv,1
range,1000,104571331,104572331,,,,32,32,1,concordant,0
range,1000,57520032,57521032,,,,33,28,0,dropped_cnv,1
range,1000,163017030,163018030,,,,24,24,1,concordant,0
range,1000,16828155,16829155,,,,34,34,1,concordant,0
range,1000,28028737,28029737,,,,26,27,0,range_boundary,0
range,1000,51523802,51524802,,,,29,29,1,concordant,0
range,1000,122227281,122228281,,,,36,36,1,concordant,0
range,1000,205930715,205931715,,,,34,34,1,concordant,0
range,1000,190701350,190702350,,,,25,25,1,concordant,0
range,1000,53890364,53891364,,,,35,35,1,concordant,0
range,1000,84741445,84742445,,,,21,21,1,concordant,0
range,1000,89911783,89912783,,,,12,12,1,concordant,0
range,1000,66382696,66383696,,,,37,37,1,concordant,0
range,1000,227103589,227104589,,,,30,30,1,concordant,0
range,1000,233362732,233363732,,,,27,27,1,concordant,0
range,1000,155250644,155251644,,,,26,25,0,dropped_cnv,1
range,1000,92841734,92842734,,,,0,0,1,concordant,0
range,1000,78295301,78296301,,,,34,32,0,dropped_cnv,1
range,1000,146302645,146303645,,,,28,29,0,range_boundary,0
range,1000,80578358,80579358,,,,28,28,1,concordant,0
range,1000,63209726,63210726,,,,21,21,1,concordant,0
range,1000,102023676,102024676,,,,38,36,0,dropped_cnv,1
range,1000,72788980,72789980,,,,27,27,1,concordant,0
range,1000,234750800,234751800,,,,19,19,1,concordant,0
range,1000,122802499,122803499,,,,44,41,0,dropped_cnv+range_boundary,1
range,1000,233616883,233617883,,,,26,26,1,concordant,0
range,1000,185775410,185776410,,,,40,38,0,dropped_cnv,1
range,1000,218451228,218452228,,,,27,27,1,concordant,0
range,1000,217085800,217086800,,,,23,23,1,concordant,0
range,1000,66336976,66337976,,,,30,30,1,concordant,0
range,1000,44589667,44590667,,,,35,35,1,concordant,0
range,1000,232209014,232210014,,,,23,23,1,concordant,0
range,1000,218115937,218116937,,,,37,38,0,range_boundary,0
range,1000,242462177,242463177,,,,39,39,1,concordant,0
range,1000,65866121,65867121,,,,21,21,1,concordant,0
range,1000,115147892,115148892,,,,30,29,0,dropped_cnv,1
range,1000,31357917,31358917,,,,31,31,1,concordant,0
range,1000,89097622,89098622,,,,29,28,0,dropped_cnv,1
range,1000,106195455,106196455,,,,39,39,1,concordant,0
range,1000,112878626,112879626,,,,21,21,1,concordant,0
range,5000,35571533,35576533,,,,174,173,0,dropped_cnv,1
range,5000,220202651,220207651,,,,154,154,1,concordant,0
range,5000,86742253,86747253,,,,119,119,1,concordant,0
range,5000,31635399,31640399,,,,136,136,1,concordant,0
range,5000,143023328,143028328,,,,137,137,1,concordant,0
range,5000,50965579,50970579,,,,131,129,0,dropped_cnv,1
range,5000,126537481,126542481,,,,128,128,1,concordant,0
range,5000,203106806,203111806,,,,119,119,1,concordant,0
range,5000,158940784,158945784,,,,155,155,1,concordant,0
range,5000,220070057,220075057,,,,159,159,1,concordant,0
range,5000,45485517,45490517,,,,200,201,0,range_boundary,0
range,5000,175104324,175109324,,,,144,144,1,concordant,0
range,5000,73179682,73184682,,,,120,120,1,concordant,0
range,5000,202752295,202757295,,,,136,135,0,dropped_cnv,1
range,5000,224472626,224477626,,,,150,150,1,concordant,0
range,5000,166307365,166312365,,,,123,123,1,concordant,0
range,5000,7507896,7512896,,,,126,126,1,concordant,0
range,5000,177850063,177855063,,,,167,167,1,concordant,0
range,5000,102779245,102784245,,,,146,146,1,concordant,0
range,5000,139257610,139262610,,,,149,149,1,concordant,0
range,5000,48802439,48807439,,,,199,199,1,concordant,0
range,5000,5480501,5485501,,,,168,166,0,dropped_cnv,1
range,5000,167247650,167252650,,,,118,119,0,range_boundary,0
range,5000,203689057,203694057,,,,108,108,1,concordant,0
range,5000,184409307,184414307,,,,154,154,1,concordant,0
range,5000,9710005,9715005,,,,136,136,1,concordant,1
range,5000,76457593,76462593,,,,165,165,1,concordant,0
range,5000,220658130,220663130,,,,170,168,0,dropped_cnv,1
range,5000,70284576,70289576,,,,175,175,1,concordant,0
range,5000,242695594,242700594,,,,179,180,0,range_boundary,0
range,5000,238576271,238581271,,,,184,184,1,concordant,0
range,5000,219063344,219068344,,,,120,119,0,dropped_cnv,1
range,5000,161581642,161586642,,,,148,148,1,concordant,0
range,5000,218219901,218224901,,,,160,160,1,concordant,0
range,5000,73553876,73558876,,,,117,117,1,concordant,0
range,5000,221562062,221567062,,,,132,132,1,concordant,0
range,5000,105038478,105043478,,,,151,151,1,concordant,0
range,5000,242241418,242246418,,,,159,159,1,concordant,0
range,5000,58961469,58966469,,,,132,131,0,dropped_cnv,1
range,5000,136169879,136174879,,,,159,158,0,dropped_cnv,1
range,5000,123004916,123009916,,,,140,139,0,dropped_cnv,1
range,5000,213424562,213429562,,,,137,137,1,concordant,0
range,5000,233829750,233834750,,,,178,178,1,concordant,0
range,5000,118973856,118978856,,,,137,137,1,concordant,0
range,5000,15690154,15695154,,,,160,160,1,concordant,0
range,5000,195535206,195540206,,,,138,137,0,dropped_cnv,1
range,5000,73238193,73243193,,,,100,100,1,concordant,0
range,5000,152479080,152484080,,,,126,124,0,dropped_cnv,1
range,5000,87993353,87998353,,,,128,127,0,dropped_cnv,1
range,5000,163143128,163148128,,,,129,128,0,dropped_cnv,1
range,5000,78774477,78779477,,,,146,146,1,concordant,0
range,5000,45560282,45565282,,,,170,170,1,concordant,0
range,5000,66521526,66526526,,,,139,139,1,concordant,0
range,5000,50919908,50924908,,,,171,169,0,dropped_cnv,1
range,5000,25500266,25505266,,,,115,115,1,concordant,0
range,5000,110857988,110862988,,,,143,141,0,dropped_cnv,1
range,5000,229211068,229216068,,,,118,118,1,concordant,0
range,5000,92139713,92144713,,,,176,175,0,dropped_cnv,1
range,5000,157053221,157058221,,,,121,121,1,concordant,0
range,5000,217524429,217529429,,,,172,172,1,concordant,0
range,5000,1961823,1966823,,,,156,156,1,concordant,0
range,5000,117704552,117709552,,,,154,151,0,dropped_cnv,1
range,5000,107414180,107419180,,,,142,141,0,dropped_cnv,1
range,5000,184581585,184586585,,,,148,147,0,dropped_cnv,1
range,5000,136030161,136035161,,,,123,122,0,dropped_cnv,1
range,5000,235962605,235967605,,,,167,168,0,range_boundary,0
range,5000,196870989,196875989,,,,151,151,1,concordant,0
range,5000,158583878,158588878,,,,122,122,1,concordant,0
range,5000,121662259,121667259,,,,176,173,0,dropped_cnv,1
range,5000,194489599,194494599,,,,158,158,1,concordant,0
range,5000,156475950,156480950,,,,144,144,1,concordant,0
range,5000,198064406,198069406,,,,131,130,0,dropped_cnv,1
range,5000,105689260,105694260,,,,139,139,1,concordant,0
range,5000,11753648,11758648,,,,223,223,1,concordant,0
range,5000,174851320,174856320,,,,131,131,1,concordant,0
range,5000,147161110,147166110,,,,204,204,1,concordant,0
range,5000,74511490,74516490,,,,133,133,1,concordant,0
range,5000,6043604,6048604,,,,164,164,1,concordant,0
range,5000,80669494,80674494,,,,149,149,1,concordant,0
range,5000,163328823,163333823,,,,121,121,1,concordant,0
range,5000,211957062,211962062,,,,177,177,1,concordant,0
range,5000,175930686,175935686,,,,122,122,1,concordant,0
range,5000,78570353,78575353,,,,127,125,0,dropped_cnv,1
range,5000,207823929,207828929,,,,157,157,1,concordant,0
range,5000,13476488,13481488,,,,160,160,1,concordant,0
range,5000,92225662,92230662,,,,2,2,1,concordant,0
range,5000,38906325,38911325,,,,200,199,0,dropped_cnv,1
range,5000,214452586,214457586,,,,130,130,1,concordant,0
range,5000,131463497,131468497,,,,83,82,0,dropped_cnv,1
range,5000,108644105,108649105,,,,190,188,0,dropped_cnv,1
range,5000,223992503,223997503,,,,138,137,0,dropped_cnv,1
range,5000,213525254,213530254,,,,134,133,0,dropped_cnv,1
range,5000,12885776,12890776,,,,134,134,1,concordant,0
range,5000,220161676,220166676,,,,151,151,1,concordant,0
range,5000,200227710,200232710,,,,120,120,1,concordant,0
range,5000,88769261,88774261,,,,134,134,1,concordant,0
range,5000,35071337,35076337,,,,197,197,1,concordant,0
range,5000,179178352,179183352,,,,138,138,1,concordant,0
range,5000,219528950,219533950,,,,124,124,1,concordant,0
range,5000,110352134,110357134,,,,137,136,0,dropped_cnv,1
range,5000,142055375,142060375,,,,145,146,0,range_boundary,0
range,5000,60113481,60118481,,,,165,166,0,range_boundary,0
range,5000,220919868,220924868,,,,145,145,1,concordant,0
range,5000,230081607,230086607,,,,142,141,0,dropped_cnv,1
range,5000,36911192,36916192,,,,169,169,1,concordant,0
range,5000,236565433,236570433,,,,154,154,1,concordant,0
range,5000,210045936,210050936,,,,119,119,1,concordant,0
range,5000,189753657,189758657,,,,170,170,1,concordant,0
range,5000,177020120,177025120,,,,127,127,1,concordant,0
range,5000,31966035,31971035,,,,170,169,0,dropped_cnv,1
range,5000,185481264,185486264,,,,108,107,0,dropped_cnv,1
range,5000,163145855,163150855,,,,113,113,1,concordant,0
range,5000,60013855,60018855,,,,168,168,1,concordant,0
range,5000,30351516,30356516,,,,145,145,1,concordant,0
range,5000,118921693,118926693,,,,153,153,1,concordant,0
range,5000,41081442,41086442,,,,182,182,1,concordant,0
range,5000,65586632,65591632,,,,186,186,1,concordant,0
range,5000,148039178,148044178,,,,139,139,1,concordant,0
range,5000,129499694,129504694,,,,135,134,0,dropped_cnv,1
range,5000,51350271,51355271,,,,141,141,1,concordant,0
range,5000,139648692,139653692,,,,155,154,0,dropped_cnv,1
range,5000,126494487,126499487,,,,196,196,1,concordant,0
range,5000,171587601,171592601,,,,131,131,1,concordant,0
range,5000,1226392,1231392,,,,184,182,0,dropped_cnv,1
range,5000,187184765,187189765,,,,145,144,0,dropped_cnv,1
range,5000,72110532,72115532,,,,154,154,1,concordant,0
range,5000,156209926,156214926,,,,130,130,1,concordant,0
range,5000,56302978,56307978,,,,145,143,0,dropped_cnv,1
range,5000,29177117,29182117,,,,150,150,1,concordant,0
range,5000,159594060,159599060,,,,174,173,0,dropped_cnv,1
range,5000,72918214,72923214,,,,117,117,1,concordant,0
range,5000,163557037,163562037,,,,134,134,1,concordant,0
range,5000,225667010,225672010,,,,106,105,0,dropped_cnv,1
range,5000,98970168,98975168,,,,142,142,1,concordant,0
range,5000,212249444,212254444,,,,173,172,0,dropped_cnv,1
range,5000,236079209,236084209,,,,203,203,1,concordant,0
range,5000,36170909,36175909,,,,172,172,1,concordant,0
range,5000,99205345,99210345,,,,138,138,1,concordant,0
range,5000,187671607,187676607,,,,130,129,0,dropped_cnv,1
range,5000,4138404,4143404,,,,174,174,1,concordant,0
range,5000,194156134,194161134,,,,165,164,0,dropped_cnv,1
range,5000,107020199,107025199,,,,92,90,0,dropped_cnv,1
range,5000,7645810,7650810,,,,148,148,1,concordant,0
range,5000,69710008,69715008,,,,151,150,0,dropped_cnv,1
range,5000,224511999,224516999,,,,136,136,1,concordant,0
range,5000,190148583,190153583,,,,131,130,0,dropped_cnv,1
range,5000,160976132,160981132,,,,140,139,0,dropped_cnv,1
range,5000,2201281,2206281,,,,183,183,1,concordant,0
range,5000,70605585,70610585,,,,130,130,1,concordant,0
range,5000,38121102,38126102,,,,149,149,1,concordant,0
range,5000,136955411,136960411,,,,168,168,1,concordant,0
range,5000,52059130,52064130,,,,177,177,1,concordant,0
range,5000,171462399,171467399,,,,162,161,0,dropped_cnv,1
range,5000,107885551,107890551,,,,141,141,1,concordant,0
range,5000,208346789,208351789,,,,131,130,0,dropped_cnv,1
range,5000,44335347,44340347,,,,178,178,1,concordant,0
range,5000,14198475,14203475,,,,162,160,0,dropped_cnv,1
range,5000,90951337,90956337,,,,0,0,1,concordant,0
range,5000,75969688,75974688,,,,160,160,1,concordant,0
range,5000,36903064,36908064,,,,183,182,0,dropped_cnv,1
range,5000,77234436,77239436,,,,222,222,1,concordant,0
range,5000,51255067,51260067,,,,172,172,1,concordant,0
range,5000,91788378,91793378,,,,20,20,1,concordant,0
range,5000,203507397,203512397,,,,125,125,1,concordant,0
range,5000,97298012,97303012,,,,129,129,1,concordant,0
range,5000,64107611,64112611,,,,124,124,1,concordant,0
range,5000,63621065,63626065,,,,133,133,1,concordant,0
range,5000,102786506,102791506,,,,100,100,1,concordant,0
range,5000,210485511,210490511,,,,153,153,1,concordant,0
range,5000,24008275,24013275,,,,116,116,1,concordant,0
range,5000,198105459,198110459,,,,114,114,1,concordant,0
range,5000,106517647,106522647,,,,147,146,0,dropped_cnv,1
range,5000,89624016,89629016,,,,0,0,1,concordant,0
range,5000,166185626,166190626,,,,126,126,1,concordant,0
range,5000,124847225,124852225,,,,124,124,1,concordant,0
range,5000,1922674,1927674,,,,118,118,1,concordant,0
range,5000,131204290,131209290,,,,195,195,1,concordant,0
range,5000,107227451,107232451,,,,157,156,0,dropped_cnv,1
range,5000,133974397,133979397,,,,136,135,0,dropped_cnv,1
range,5000,68589237,68594237,,,,150,150,1,concordant,0
range,5000,28267731,28272731,,,,100,99,0,dropped_cnv,1
range,5000,197068517,197073517,,,,162,162,1,concordant,0
range,5000,121621835,121626835,,,,150,147,0,dropped_cnv,1
range,5000,112132143,112137143,,,,95,93,0,dropped_cnv,1
range,5000,40227604,40232604,,,,239,237,0,dropped_cnv,1
range,5000,193026920,193031920,,,,140,140,1,concordant,0
range,5000,97567259,97572259,,,,147,148,0,range_boundary,0
range,5000,131978271,131983271,,,,125,124,0,dropped_cnv,1
range,5000,158855074,158860074,,,,147,147,1,concordant,0
range,5000,175148546,175153546,,,,118,118,1,concordant,0
range,5000,146507979,146512979,,,,150,150,1,concordant,0
range,5000,116701728,116706728,,,,169,168,0,dropped_cnv,1
range,5000,130994613,130999613,,,,133,132,0,dropped_cnv,1
range,5000,37291349,37296349,,,,145,145,1,concordant,0
range,5000,85311309,85316309,,,,133,133,1,concordant,0
range,5000,147794091,147799091,,,,134,134,1,concordant,0
range,5000,183441362,183446362,,,,109,109,1,concordant,0
range,5000,96890438,96895438,,,,108,107,0,dropped_cnv,1
range,5000,96753812,96758812,,,,140,138,0,dropped_cnv,1
range,5000,125344050,125349050,,,,169,169,1,concordant,0
range,20000,60086786,60106786,,,,647,647,1,concordant,0
range,20000,158577185,158597185,,,,504,504,1,concordant,0
range,20000,180356525,180376525,,,,573,573,1,concordant,0
range,20000,239406720,239426720,,,,719,719,1,concordant,0
range,20000,130571487,130591487,,,,651,651,1,concordant,0
range,20000,55777374,55797374,,,,598,598,1,concordant,0
range,20000,147990435,148010435,,,,520,520,1,concordant,0
range,20000,212873659,212893659,,,,638,636,0,dropped_cnv,1
range,20000,231550650,231570650,,,,630,629,0,dropped_cnv,1
range,20000,118154167,118174167,,,,579,579,1,concordant,0
range,20000,73406519,73426519,,,,563,563,1,concordant,0
range,20000,232355862,232375862,,,,559,559,1,concordant,0
range,20000,35186651,35206651,,,,708,708,1,concordant,0
range,20000,36688170,36708170,,,,816,815,0,dropped_cnv,1
range,20000,61629021,61649021,,,,674,672,0,dropped_cnv,1
range,20000,137278422,137298422,,,,659,657,0,dropped_cnv,1
range,20000,215441178,215461178,,,,684,684,1,concordant,0
range,20000,174757424,174777424,,,,620,620,1,concordant,0
range,20000,102240066,102260066,,,,678,678,1,concordant,0
range,20000,168731571,168751571,,,,663,662,0,dropped_cnv,1
range,20000,32689244,32709244,,,,585,582,0,dropped_cnv,1
range,20000,45431469,45451469,,,,709,710,0,range_boundary,0
range,20000,81151370,81171370,,,,802,800,0,dropped_cnv,1
range,20000,231302017,231322017,,,,543,543,1,concordant,0
range,20000,155484029,155504029,,,,558,558,1,concordant,0
range,20000,160587039,160607039,,,,675,675,1,concordant,0
range,20000,43562215,43582215,,,,639,638,0,dropped_cnv,1
range,20000,166606123,166626123,,,,518,518,1,concordant,0
range,20000,199911143,199931143,,,,554,553,0,dropped_cnv,1
range,20000,66025863,66045863,,,,587,586,0,dropped_cnv,1
range,20000,185188324,185208324,,,,601,600,0,dropped_cnv,1
range,20000,113705056,113725056,,,,642,643,0,range_boundary,0
range,20000,8510482,8530482,,,,572,571,0,dropped_cnv,1
range,20000,120034396,120054396,,,,632,631,0,dropped_cnv,1
range,20000,38403430,38423430,,,,687,687,1,concordant,0
range,20000,202416307,202436307,,,,541,541,1,concordant,0
range,20000,9952912,9972912,,,,584,583,0,dropped_cnv,1
range,20000,215720882,215740882,,,,649,646,0,dropped_cnv,1
range,20000,221489589,221509589,,,,621,620,0,dropped_cnv,1
range,20000,177853531,177873531,,,,687,686,0,dropped_cnv,1
range,20000,223499249,223519249,,,,533,534,0,range_boundary,0
range,20000,241909783,241929783,,,,565,565,1,concordant,0
range,20000,17416122,17436122,,,,526,527,0,range_boundary,0
range,20000,151799442,151819442,,,,661,658,0,dropped_cnv,1
range,20000,24212996,24232996,,,,503,503,1,concordant,0
range,20000,92054133,92074133,,,,857,854,0,dropped_cnv,1
range,20000,218921261,218941261,,,,739,739,1,concordant,0
range,20000,198985962,199005962,,,,536,535,0,dropped_cnv,1
range,20000,193224815,193244815,,,,573,572,0,dropped_cnv,1
range,20000,239406764,239426764,,,,719,719,1,concordant,0
range,20000,68475752,68495752,,,,546,546,1,concordant,0
range,20000,7741571,7761571,,,,657,656,0,dropped_cnv,1
range,20000,158853694,158873694,,,,552,552,1,concordant,0
range,20000,236592160,236612160,,,,746,746,1,concordant,0
range,20000,62961007,62981007,,,,546,546,1,concordant,0
range,20000,200552342,200572342,,,,503,504,0,range_boundary,0
range,20000,44116583,44136583,,,,668,668,1,concordant,0
range,20000,1804397,1824397,,,,723,723,1,concordant,0
range,20000,185224107,185244107,,,,565,564,0,dropped_cnv,1
range,20000,95117470,95137470,,,,0,0,1,concordant,0
range,20000,74644799,74664799,,,,556,555,0,dropped_cnv,1
range,20000,233707800,233727800,,,,596,597,0,range_boundary,0
range,20000,115340031,115360031,,,,564,563,0,dropped_cnv,1
range,20000,231846665,231866665,,,,723,723,1,concordant,0
range,20000,177005053,177025053,,,,491,491,1,concordant,0
range,20000,155401464,155421464,,,,544,543,0,dropped_cnv+range_boundary,1
range,20000,119666234,119686234,,,,614,613,0,dropped_cnv,1
range,20000,21706976,21726976,,,,542,542,1,concordant,0
range,20000,5191807,5211807,,,,610,610,1,concordant,0
range,20000,140357443,140377443,,,,603,603,1,concordant,0
range,20000,143891326,143911326,,,,607,607,1,concordant,0
range,20000,116777127,116797127,,,,625,622,0,dropped_cnv,1
range,20000,89493036,89513036,,,,552,550,0,dropped_cnv,1
range,20000,196043950,196063950,,,,609,609,1,concordant,0
range,20000,226017934,226037934,,,,627,627,1,concordant,0
range,20000,56585260,56605260,,,,658,657,0,dropped_cnv,1
range,20000,179844590,179864590,,,,641,640,0,dropped_cnv,1
range,20000,234215574,234235574,,,,662,660,0,dropped_cnv,1
range,20000,176639101,176659101,,,,579,578,0,dropped_cnv,1
range,20000,83698054,83718054,,,,599,599,1,concordant,0
range,20000,147473163,147493163,,,,530,531,0,range_boundary,0
range,20000,118305211,118325211,,,,734,733,0,dropped_cnv,1
range,20000,228590806,228610806,,,,745,744,0,dropped_cnv,1
range,20000,41974053,41994053,,,,823,821,0,dropped_cnv,1
range,20000,184531895,184551895,,,,615,614,0,dropped_cnv,1
range,20000,16823841,16843841,,,,576,576,1,concordant,0
range,20000,15128579,15148579,,,,631,630,0,dropped_cnv,1
range,20000,217412793,217432793,,,,565,563,0,dropped_cnv,1
range,20000,76753852,76773852,,,,567,565,0,dropped_cnv,1
range,20000,118749094,118769094,,,,636,636,1,concordant,0
range,20000,30038588,30058588,,,,721,721,1,concordant,0
range,20000,106928447,106948447,,,,718,716,0,dropped_cnv,1
range,20000,8969910,8989910,,,,577,577,1,concordant,0
range,20000,105570209,105590209,,,,566,566,1,concordant,0
range,20000,78324815,78344815,,,,662,660,0,dropped_cnv,1
range,20000,158913089,158933089,,,,591,591,1,concordant,0
range,20000,138079373,138099373,,,,606,605,0,dropped_cnv,1
range,20000,181224067,181244067,,,,574,573,0,dropped_cnv,1
range,20000,175032497,175052497,,,,485,485,1,concordant,0
range,20000,81078955,81098955,,,,612,610,0,dropped_cnv,1
range,20000,9116363,9136363,,,,542,542,1,concordant,0
range,20000,85506853,85526853,,,,605,605,1,concordant,0
range,20000,51939809,51959809,,,,751,750,0,dropped_cnv,1
range,20000,3313938,3333938,,,,712,712,1,concordant,0
range,20000,40125297,40145297,,,,772,771,0,dropped_cnv,1
range,20000,182147632,182167632,,,,597,595,0,dropped_cnv,1
range,20000,128455028,128475028,,,,606,606,1,concordant,0
range,20000,141355145,141375145,,,,597,597,1,concordant,0
range,20000,101980395,102000395,,,,598,597,0,dropped_cnv,1
range,20000,51873553,51893553,,,,713,712,0,dropped_cnv,1
range,20000,5465524,5485524,,,,666,664,0,dropped_cnv,1
range,20000,141075112,141095112,,,,643,643,1,concordant,0
range,20000,81369071,81389071,,,,651,651,1,concordant,0
range,20000,4426760,4446760,,,,640,640,1,concordant,0
range,20000,128215102,128235102,,,,549,546,0,dropped_cnv,1
range,20000,163866757,163886757,,,,676,673,0,dropped_cnv,1
range,20000,19140411,19160411,,,,534,533,0,dropped_cnv,1
range,20000,120936809,120956809,,,,485,485,1,concordant,0
range,20000,42158402,42178402,,,,654,654,1,concordant,0
range,20000,186596200,186616200,,,,466,465,0,dropped_cnv,1
range,20000,196178248,196198248,,,,503,503,1,concordant,0
range,20000,139165868,139185868,,,,550,550,1,concordant,0
range,20000,58839715,58859715,,,,579,578,0,dropped_cnv,1
range,20000,125398616,125418616,,,,679,679,1,concordant,0
range,20000,185657592,185677592,,,,581,580,0,dropped_cnv,1
range,20000,121739317,121759317,,,,676,674,0,dropped_cnv,1
range,20000,109567787,109587787,,,,565,564,0,dropped_cnv,1
range,20000,169087361,169107361,,,,612,611,0,dropped_cnv,1
range,20000,80300590,80320590,,,,612,612,1,concordant,0
range,20000,220418593,220438593,,,,696,696,1,concordant,0
range,20000,148522111,148542111,,,,609,609,1,concordant,0
range,20000,16967389,16987389,,,,653,653,1,concordant,0
range,20000,140535437,140555437,,,,604,603,0,dropped_cnv,1
range,20000,160926974,160946974,,,,577,577,1,concordant,0
range,20000,134832199,134852199,,,,641,641,1,concordant,0
range,20000,147159970,147179970,,,,487,487,1,concordant,0
range,20000,7683607,7703607,,,,666,666,1,concordant,0
range,20000,172205402,172225402,,,,562,562,1,concordant,0
range,20000,34474776,34494776,,,,753,752,0,dropped_cnv,1
range,20000,8293701,8313701,,,,637,637,1,concordant,0
range,20000,7071534,7091534,,,,616,615,0,dropped_cnv,1
range,20000,197767125,197787125,,,,359,359,1,concordant,0
range,20000,87933826,87953826,,,,496,495,0,dropped_cnv,1
range,20000,224249578,224269578,,,,593,593,1,concordant,0
range,20000,216524370,216544370,,,,568,565,0,dropped_cnv,1
range,20000,87443149,87463149,,,,538,538,1,concordant,0
range,20000,97464027,97484027,,,,524,524,1,concordant,0
range,20000,42799203,42819203,,,,638,637,0,dropped_cnv,1
range,20000,192508140,192528140,,,,583,583,1,concordant,0
range,20000,108951319,108971319,,,,611,606,0,dropped_cnv,1
range,20000,86686731,86706731,,,,572,571,0,dropped_cnv,1
range,20000,13332653,13352653,,,,619,619,1,concordant,0
range,20000,16347611,16367611,,,,673,672,0,dropped_cnv,1
range,20000,123281552,123301552,,,,545,546,0,range_boundary,0
range,20000,31167948,31187948,,,,666,665,0,dropped_cnv,1
range,20000,157290308,157310308,,,,461,460,0,dropped_cnv,1
range,20000,56107709,56127709,,,,557,558,0,range_boundary,0
range,20000,164856819,164876819,,,,532,531,0,dropped_cnv,1
range,20000,93105337,93125337,,,,0,0,1,concordant,0
range,20000,221684550,221704550,,,,624,623,0,dropped_cnv,1
range,20000,146254747,146274747,,,,587,587,1,concordant,0
range,20000,45599929,45619929,,,,610,610,1,concordant,0
range,20000,55260817,55280817,,,,601,601,1,concordant,0
range,20000,47950556,47970556,,,,687,688,0,range_boundary,0
range,20000,23297121,23317121,,,,626,626,1,concordant,0
range,20000,209985461,210005461,,,,511,510,0,dropped_cnv,1
range,20000,116261427,116281427,,,,553,553,1,concordant,0
range,20000,198246037,198266037,,,,505,505,1,concordant,0
range,20000,179098461,179118461,,,,573,571,0,dropped_cnv,1
range,20000,196931535,196951535,,,,584,584,1,concordant,0
range,20000,41703782,41723782,,,,764,763,0,dropped_cnv,1
range,20000,160937244,160957244,,,,614,614,1,concordant,0
range,20000,96631152,96651152,,,,370,369,0,dropped_cnv,1
range,20000,192477078,192497078,,,,569,567,0,dropped_cnv,1
range,20000,172900738,172920738,,,,604,603,0,dropped_cnv,1
range,20000,3817480,3837480,,,,685,685,1,concordant,0
range,20000,200919708,200939708,,,,452,451,0,dropped_cnv,1
range,20000,220927345,220947345,,,,580,578,0,dropped_cnv,1
range,20000,171051752,171071752,,,,554,554,1,concordant,0
range,20000,239215812,239235812,,,,585,585,1,concordant,0
range,20000,206631284,206651284,,,,538,538,1,concordant,0
range,20000,130391081,130411081,,,,666,666,1,concordant,0
range,20000,102294579,102314579,,,,518,517,0,dropped_cnv,1
range,20000,131418214,131438214,,,,599,597,0,dropped_cnv,1
range,20000,181988972,182008972,,,,509,509,1,concordant,0
range,20000,238145982,238165982,,,,565,564,0,dropped_cnv,1
range,20000,55115425,55135425,,,,797,795,0,dropped_cnv,1
range,20000,158467705,158487705,,,,455,455,1,concordant,0
range,20000,137806980,137826980,,,,599,599,1,concordant,0
range,20000,49996528,50016528,,,,760,760,1,concordant,0
range,20000,161353812,161373812,,,,545,545,1,concordant,0
range,20000,205401195,205421195,,,,568,568,1,concordant,0
range,20000,47810333,47830333,,,,787,787,1,concordant,0
range,20000,145640640,145660640,,,,525,525,1,concordant,0
range,20000,5899804,5919804,,,,662,661,0,dropped_cnv,1
range,20000,161935911,161955911,,,,460,459,0,dropped_cnv,1
range,20000,84961633,84981633,,,,518,518,1,concordant,0
range,20000,104860045,104880045,,,,612,612,1,concordant,0
range,20000,177953084,177973084,,,,548,548,1,concordant,0
range,20000,155102598,155122598,,,,498,496,0,dropped_cnv,1
range,50000,144097024,144147024,,,,1414,1414,1,concordant,0
range,50000,169019445,169069445,,,,1389,1390,0,range_boundary,0
range,50000,49694346,49744346,,,,1883,1878,0,dropped_cnv,1
range,50000,220997612,221047612,,,,1495,1495,1,concordant,0
range,50000,202175811,202225811,,,,1285,1283,0,dropped_cnv,1
range,50000,43466153,43516153,,,,1489,1487,0,dropped_cnv,1
range,50000,2029854,2079854,,,,1450,1450,1,concordant,0
range,50000,164950534,165000534,,,,1425,1423,0,dropped_cnv,1
range,50000,107215840,107265840,,,,1709,1707,0,dropped_cnv,1
range,50000,190533679,190583679,,,,1328,1328,1,concordant,0
range,50000,239091721,239141721,,,,1529,1529,1,concordant,0
range,50000,204199699,204249699,,,,1335,1335,1,concordant,0
range,50000,122923916,122973916,,,,1407,1404,0,dropped_cnv,1
range,50000,63645497,63695497,,,,1236,1235,0,dropped_cnv+range_boundary,1
range,50000,233916313,233966313,,,,1621,1620,0,dropped_cnv,1
range,50000,125670725,125720725,,,,1586,1585,0,dropped_cnv,1
range,50000,142528100,142578100,,,,1616,1616,1,concordant,0
range,50000,144604126,144654126,,,,1221,1220,0,dropped_cnv,1
range,50000,100437478,100487478,,,,1410,1410,1,concordant,0
range,50000,40272880,40322880,,,,1935,1934,0,dropped_cnv,1
range,50000,153186128,153236128,,,,1425,1424,0,dropped_cnv,1
range,50000,68075011,68125011,,,,1687,1687,1,concordant,0
range,50000,148025821,148075821,,,,1354,1354,1,concordant,0
range,50000,209986466,210036466,,,,1262,1260,0,dropped_cnv,1
range,50000,105047822,105097822,,,,1373,1373,1,concordant,0
range,50000,11560196,11610196,,,,1684,1684,1,concordant,0
range,50000,187108914,187158914,,,,1349,1348,0,dropped_cnv,1
range,50000,22403852,22453852,,,,1451,1450,0,dropped_cnv,1
range,50000,2931438,2981438,,,,1607,1607,1,concordant,0
range,50000,222550068,222600068,,,,1438,1438,1,concordant,0
range,50000,138290051,138340051,,,,1546,1543,0,dropped_cnv,1
range,50000,46088012,46138012,,,,1752,1752,1,concordant,0
range,50000,89277699,89327699,,,,1675,1675,1,concordant,0
range,50000,218579842,218629842,,,,1526,1526,1,concordant,0
range,50000,157797740,157847740,,,,1404,1403,0,dropped_cnv,1
range,50000,4709214,4759214,,,,1525,1524,0,dropped_cnv,1
range,50000,99992952,100042952,,,,1254,1254,1,concordant,0
range,50000,171992943,172042943,,,,1259,1259,1,concordant,0
range,50000,123674502,123724502,,,,1452,1450,0,dropped_cnv,1
range,50000,79712447,79762447,,,,1389,1388,0,dropped_cnv,1
range,50000,141382686,141432686,,,,1611,1611,1,concordant,0
range,50000,52809887,52859887,,,,1719,1715,0,dropped_cnv,1
range,50000,47150623,47200623,,,,1646,1645,0,dropped_cnv,1
range,50000,214164179,214214179,,,,1514,1512,0,dropped_cnv,1
range,50000,184401828,184451828,,,,1556,1555,0,dropped_cnv,1
range,50000,183011837,183061837,,,,1360,1356,0,dropped_cnv,1
range,50000,215386157,215436157,,,,1472,1472,1,concordant,0
range,50000,40719888,40769888,,,,1523,1522,0,dropped_cnv,1
range,50000,72475906,72525906,,,,1239,1239,1,concordant,0
range,50000,74086970,74136970,,,,1579,1576,0,dropped_cnv,1
range,50000,22216785,22266785,,,,1453,1452,0,dropped_cnv,1
range,50000,85594211,85644211,,,,1450,1450,1,concordant,0
range,50000,59059400,59109400,,,,1506,1502,0,dropped_cnv,1
range,50000,204569673,204619673,,,,1359,1359,1,concordant,0
range,50000,11417404,11467404,,,,1350,1349,0,dropped_cnv,1
range,50000,31785146,31835146,,,,1440,1440,1,concordant,0
range,50000,60701256,60751256,,,,1374,1374,1,concordant,0
range,50000,159695185,159745185,,,,2263,2257,0,dropped_cnv,1
range,50000,2332052,2382052,,,,1561,1560,0,dropped_cnv,1
range,50000,190426649,190476649,,,,1310,1310,1,concordant,0
range,50000,60756502,60806502,,,,1271,1271,1,concordant,0
range,50000,152057505,152107505,,,,1358,1355,0,dropped_cnv,1
range,50000,207497256,207547256,,,,1389,1389,1,concordant,0
range,50000,28670098,28720098,,,,1584,1585,0,range_boundary,0
range,50000,240696325,240746325,,,,1774,1772,0,dropped_cnv,1
range,50000,113867742,113917742,,,,1547,1547,1,concordant,0
range,50000,132105467,132155467,,,,1648,1644,0,dropped_cnv,1
range,50000,240789996,240839996,,,,965,965,1,concordant,0
range,50000,204549587,204599587,,,,1304,1303,0,dropped_cnv,1
range,50000,202581798,202631798,,,,1401,1399,0,dropped_cnv,1
range,50000,216184304,216234304,,,,1641,1641,1,concordant,0
range,50000,177539514,177589514,,,,1433,1433,1,concordant,0
range,50000,133088034,133138034,,,,1258,1258,1,concordant,0
range,50000,25413906,25463906,,,,1372,1370,0,dropped_cnv,1
range,50000,119010627,119060627,,,,1453,1453,1,concordant,0
range,50000,95035373,95085373,,,,0,0,1,concordant,0
range,50000,31036143,31086143,,,,1642,1641,0,dropped_cnv+range_boundary,1
range,50000,40101379,40151379,,,,1935,1934,0,dropped_cnv,1
range,50000,48420676,48470676,,,,1571,1571,1,concordant,0
range,50000,150705801,150755801,,,,1490,1489,0,dropped_cnv,1
range,50000,127037805,127087805,,,,1534,1534,1,concordant,1
range,50000,121613747,121663747,,,,1527,1524,0,dropped_cnv,1
range,50000,74506782,74556782,,,,1334,1334,1,concordant,1
range,50000,201029311,201079311,,,,1444,1443,0,dropped_cnv,1
range,50000,15102659,15152659,,,,1591,1590,0,dropped_cnv,1
range,50000,204796904,204846904,,,,1571,1571,1,concordant,0
range,50000,233642703,233692703,,,,1408,1408,1,concordant,0
range,50000,132393008,132443008,,,,1695,1693,0,dropped_cnv,1
range,50000,132076813,132126813,,,,1741,1736,0,dropped_cnv,1
range,50000,70653267,70703267,,,,1435,1435,1,concordant,0
range,50000,28389444,28439444,,,,1309,1309,1,concordant,0
range,50000,73060565,73110565,,,,1231,1227,0,dropped_cnv,1
range,50000,138514853,138564853,,,,1538,1537,0,dropped_cnv,1
range,50000,23002331,23052331,,,,1511,1510,0,dropped_cnv,1
range,50000,167831200,167881200,,,,1409,1404,0,dropped_cnv,1
range,50000,157455866,157505866,,,,1219,1216,0,dropped_cnv,1
range,50000,34800605,34850605,,,,2056,2052,0,dropped_cnv,1
range,50000,156731590,156781590,,,,1316,1314,0,dropped_cnv,1
range,50000,229233706,229283706,,,,1523,1522,0,dropped_cnv,1
range,50000,79267295,79317295,,,,1869,1869,1,concordant,0
range,50000,214987561,215037561,,,,1397,1395,0,dropped_cnv,1
range,50000,224055233,224105233,,,,1677,1675,0,dropped_cnv,1
range,50000,43162026,43212026,,,,2019,2017,0,dropped_cnv,1
range,50000,7739716,7789716,,,,1619,1618,0,dropped_cnv,1
range,50000,133803057,133853057,,,,1463,1460,0,dropped_cnv,1
range,50000,137834449,137884449,,,,1620,1621,0,range_boundary,0
range,50000,192574185,192624185,,,,1256,1256,1,concordant,0
range,50000,117421813,117471813,,,,1614,1612,0,dropped_cnv,1
range,50000,197643639,197693639,,,,1241,1240,0,dropped_cnv,1
range,50000,131350239,131400239,,,,826,825,0,dropped_cnv,1
range,50000,209590508,209640508,,,,2095,2093,0,dropped_cnv,1
range,50000,218063593,218113593,,,,1458,1456,0,dropped_cnv,1
range,50000,140291059,140341059,,,,1470,1470,1,concordant,0
range,50000,111001887,111051887,,,,254,254,1,concordant,0
range,50000,73652092,73702092,,,,1549,1546,0,dropped_cnv,1
range,50000,20826141,20876141,,,,1672,1672,1,concordant,0
range,50000,4792326,4842326,,,,1761,1761,1,concordant,0
range,50000,224613080,224663080,,,,1481,1479,0,dropped_cnv,1
range,50000,131934083,131984083,,,,1451,1449,0,dropped_cnv,1
range,50000,21616057,21666057,,,,1444,1443,0,dropped_cnv,1
range,50000,168924470,168974470,,,,1521,1521,1,concordant,0
range,50000,45192128,45242128,,,,1796,1794,0,dropped_cnv,1
range,50000,156811903,156861903,,,,1216,1215,0,dropped_cnv,1
range,50000,214060392,214110392,,,,1458,1456,0,dropped_cnv+range_boundary,1
range,50000,158849413,158899413,,,,1411,1410,0,dropped_cnv,1
range,50000,204763342,204813342,,,,1300,1299,0,dropped_cnv,1
range,50000,65470419,65520419,,,,1498,1497,0,dropped_cnv,1
range,50000,201894879,201944879,,,,1335,1333,0,dropped_cnv,1
range,50000,211388235,211438235,,,,1311,1312,0,dropped_cnv+range_boundary,1
range,50000,28614386,28664386,,,,1395,1394,0,dropped_cnv,1
range,50000,117354895,117404895,,,,1517,1513,0,dropped_cnv,1
range,50000,198306495,198356495,,,,1314,1314,1,concordant,0
range,50000,138296927,138346927,,,,1645,1642,0,dropped_cnv,1
range,50000,2819046,2869046,,,,1817,1817,1,concordant,0
range,50000,106536453,106586453,,,,1513,1512,0,dropped_cnv+range_boundary,1
range,50000,2338718,2388718,,,,1586,1584,0,dropped_cnv,1
range,50000,230659421,230709421,,,,1288,1286,0,dropped_cnv,1
range,50000,58861182,58911182,,,,1368,1367,0,dropped_cnv,1
range,50000,164469417,164519417,,,,1234,1233,0,dropped_cnv,1
range,50000,159416043,159466043,,,,1397,1398,0,range_boundary,0
range,50000,102467485,102517485,,,,1351,1350,0,dropped_cnv,1
range,50000,49969689,50019689,,,,1818,1818,1,concordant,0
range,50000,200801751,200851751,,,,1178,1178,1,concordant,0
range,50000,130815754,130865754,,,,985,984,0,dropped_cnv,1
range,50000,39766346,39816346,,,,1691,1690,0,dropped_cnv,1
range,50000,114386219,114436219,,,,1490,1486,0,dropped_cnv,1
range,50000,37700820,37750820,,,,1858,1858,1,concordant,0
range,50000,229193468,229243468,,,,1473,1472,0,dropped_cnv,1
range,50000,178569950,178619950,,,,1399,1394,0,dropped_cnv,1
range,50000,213129541,213179541,,,,1570,1567,0,dropped_cnv,1
range,50000,3574278,3624278,,,,1547,1547,1,concordant,1
range,50000,20944705,20994705,,,,1374,1374,1,concordant,0
range,50000,197816455,197866455,,,,1278,1277,0,dropped_cnv,1
range,50000,49175285,49225285,,,,1781,1780,0,dropped_cnv,1
range,50000,118159760,118209760,,,,1516,1515,0,dropped_cnv,1
range,50000,213217475,213267475,,,,1477,1474,0,dropped_cnv,1
range,50000,216392570,216442570,,,,1402,1403,0,range_boundary,0
range,50000,151481639,151531639,,,,1432,1429,0,dropped_cnv,1
range,50000,209993520,210043520,,,,1297,1295,0,dropped_cnv,1
range,50000,243017068,243067068,,,,1367,1362,0,dropped_cnv,1
range,50000,214558443,214608443,,,,1543,1541,0,dropped_cnv,1
range,50000,149495008,149545008,,,,1294,1294,1,concordant,0
range,50000,231403788,231453788,,,,1890,1888,0,dropped_cnv,1
range,50000,165314532,165364532,,,,1379,1379,1,concordant,0
range,50000,29912732,29962732,,,,1617,1614,0,dropped_cnv,1
range,50000,164003810,164053810,,,,1371,1370,0,dropped_cnv,1
range,50000,39638178,39688178,,,,1480,1480,1,concordant,0
range,50000,99795480,99845480,,,,1237,1235,0,dropped_cnv,1
range,50000,153515675,153565675,,,,1440,1439,0,dropped_cnv,1
range,50000,67686343,67736343,,,,1648,1647,0,dropped_cnv,1
range,50000,100079736,100129736,,,,1338,1337,0,dropped_cnv,1
range,50000,196436480,196486480,,,,1460,1459,0,dropped_cnv,1
range,50000,66428652,66478652,,,,1600,1599,0,dropped_cnv,1
range,50000,124068409,124118409,,,,1703,1699,0,dropped_cnv,1
range,50000,96913398,96963398,,,,1286,1285,0,dropped_cnv,1
range,50000,102160518,102210518,,,,1440,1440,1,concordant,0
range,50000,46887988,46937988,,,,1590,1589,0,dropped_cnv,1
range,50000,158533559,158583559,,,,1335,1335,1,concordant,0
range,50000,4550256,4600256,,,,1647,1645,0,dropped_cnv,1
range,50000,26824181,26874181,,,,1657,1656,0,dropped_cnv,1
range,50000,64348637,64398637,,,,1373,1370,0,dropped_cnv,1
range,50000,108455566,108505566,,,,905,904,0,dropped_cnv,1
range,50000,56294279,56344279,,,,1572,1568,0,dropped_cnv,1
range,50000,52054524,52104524,,,,1741,1741,1,concordant,0
range,50000,13574518,13624518,,,,1631,1629,0,dropped_cnv,1
range,50000,195497123,195547123,,,,1386,1385,0,dropped_cnv,1
range,50000,61650881,61700881,,,,1794,1793,0,dropped_cnv,1
range,50000,30975691,31025691,,,,1779,1779,1,concordant,0
range,50000,99180564,99230564,,,,1402,1402,1,concordant,0
range,50000,34679563,34729563,,,,1638,1637,0,dropped_cnv,1
range,50000,136578006,136628006,,,,1515,1514,0,dropped_cnv,1
range,50000,215344564,215394564,,,,1567,1566,0,dropped_cnv,1
range,50000,202599739,202649739,,,,1393,1390,0,dropped_cnv,1
range,50000,230156385,230206385,,,,1598,1598,1,concordant,0
range,50000,218516283,218566283,,,,1344,1344,1,concordant,0
range,50000,197695487,197745487,,,,1232,1230,0,dropped_cnv,1
range,50000,190798595,190848595,,,,1326,1326,1,concordant,0
range,50000,136421552,136471552,,,,1247,1246,0,dropped_cnv,1
range,50000,113698308,113748308,,,,1485,1485,1,concordant,0
range,50000,224957381,225007381,,,,1426,1426,1,concordant,0
bracket,1000,32865951&32867291,32865943&32867301,,,,46,46,1,concordant,0
bracket,1000,60544610&60545088,60543931&60545769,,,,13,13,1,concordant,0
bracket,1000,18985517&18987159,18985474&18987204,,,,41,41,1,concordant,0
bracket,1000,172795291&172795821,172795256&172795858,,,,20,20,1,concordant,0
bracket,1000,52692322&52693486,52692711&52693099,,,,17,17,1,concordant,0
bracket,1000,47989576&47990734,47989818&47990494,,,,28,28,1,concordant,0
bracket,1000,56249350&56251128,56249448&56251032,,,,30,30,1,concordant,0
bracket,1000,230448143&230450119,230448780&230449484,,,,22,22,1,concordant,0
bracket,1000,95521163&95522749,95521072&95522846,,,,58,58,1,concordant,0
bracket,1000,62565405&62565917,62564860&62566464,,,,24,24,1,concordant,0
bracket,1000,130408675&130410047,130409098&130409626,,,,19,19,1,concordant,0
bracket,1000,8982981&8983431,8982873&8983541,,,,21,21,1,concordant,0
bracket,1000,186282577&186284217,186282817&186283979,,,,37,37,1,concordant,0
bracket,1000,35757385&35758921,35757644&35758664,,,,32,32,1,concordant,0
bracket,1000,85054266&85055208,85054396&85055080,,,,17,17,1,concordant,0
bracket,1000,184231603&184231987,184231123&184232469,,,,13,13,1,concordant,0
bracket,1000,149548999&149550317,149549610&149549708,,,,4,4,1,concordant,0
bracket,1000,39082504&39083626,39082726&39083406,,,,24,24,1,concordant,0
bracket,1000,53654481&53655715,53654191&53656007,,,,37,37,1,concordant,0
bracket,1000,174910779&174912731,174911667&174911845,,,,6,6,1,concordant,0
bracket,1000,186191962&186193544,186192500&186193008,,,,16,16,1,concordant,0
bracket,1000,176076408&176078196,176076441&176078165,,,,49,49,1,concordant,0
bracket,1000,215909895&215909997,215909191&215910703,,,,5,5,1,concordant,0
bracket,1000,200105265&200106335,200105724&200105878,,,,7,7,1,concordant,0
bracket,1000,25496890&25497376,25496170&25498098,,,,8,8,1,concordant,0
bracket,1000,63662354&63663160,63662293&63663223,,,,24,24,1,concordant,0
bracket,1000,72784141&72785239,72784598&72784784,,,,5,5,1,concordant,0
bracket,1000,118013034&118013268,118012816&118013488,,,,8,8,1,concordant,0
bracket,1000,207921036&207921810,207921346&207921502,,,,6,6,1,concordant,0
bracket,1000,87342603&87343217,87341966&87343856,,,,19,19,1,concordant,0
bracket,1000,118998209&118999815,118998252&118999774,,,,42,42,1,concordant,0
bracket,1000,76811900&76812076,76811271&76812707,,,,9,9,1,concordant,0
bracket,1000,204533467&204533959,204533698&204533730,,,,4,4,1,concordant,0
bracket,1000,207322893&207324823,207323850&207323868,,,,1,1,1,concordant,0
bracket,1000,203080403&203081787,203080430&203081762,,,,38,38,1,concordant,0
bracket,1000,189743115&189743599,189743063&189743653,,,,15,15,1,concordant,0
bracket,1000,55505722&55506130,55505491&55506363,,,,14,14,1,concordant,0
bracket,1000,235043103&235043709,235043081&235043733,,,,17,17,1,concordant,0
bracket,1000,153062375&153062483,153061511&153063349,,,,4,4,1,concordant,0
bracket,1000,14035052&14036218,14035484&14035788,,,,18,18,1,concordant,0
bracket,1000,241311160&241313012,241311389&241312785,,,,47,47,1,concordant,0
bracket,1000,41463962&41465036,41463629&41465371,,,,40,40,1,concordant,0
bracket,1000,76376344&76377812,76376722&76377436,,,,28,28,1,concordant,0
bracket,1000,31231873&31231979,31231911&31231943,,,,1,1,1,concordant,0
bracket,1000,5303306&5305270,5303692&5304886,,,,46,46,1,concordant,0
bracket,1000,170072015&170073651,170072344&170073324,,,,31,31,1,concordant,0
bracket,1000,40620531&40621267,40620223&40621587,,,,26,26,1,concordant,0
bracket,1000,122585065&122585439,122585247&122585259,,,,2,2,1,concordant,0
bracket,1000,43236975&43237011,43236566&43237422,,,,2,2,1,concordant,0
bracket,1000,74261398&74263002,74261776&74262626,,,,30,30,1,concordant,0
bracket,1000,120440630&120442176,120441205&120441603,,,,10,10,1,concordant,0
bracket,1000,136168775&136170087,136169146&136169718,,,,11,11,1,concordant,0
bracket,1000,14333010&14333894,14333060&14333846,,,,22,22,1,concordant,0
bracket,1000,194344241&194345867,194344941&194345169,,,,14,14,1,concordant,0
bracket,1000,225519961&225520769,225519869&225520863,,,,51,51,1,concordant,0
bracket,1000,55555931&55557031,55555971&55556993,,,,42,42,1,concordant,0
bracket,1000,21513179&21513997,21513348&21513830,,,,21,21,1,concordant,0
bracket,1000,163187750&163189680,163188023&163189409,,,,37,37,1,concordant,0
bracket,1000,106126111&106127499,106126012&106127600,,,,49,49,1,concordant,0
bracket,1000,117512336&117514250,117512392&117514196,,,,44,44,1,concordant,0
bracket,1000,24447686&24449142,24447962&24448868,,,,34,34,1,concordant,0
bracket,1000,241366371&241366437,241365814&241366996,,,,8,8,1,concordant,0
bracket,1000,177765113&177767009,177765849&177766275,,,,16,16,1,concordant,0
bracket,1000,128912561&128914121,128912563&128914121,,,,39,39,1,concordant,0
bracket,1000,210923351&210925231,210923393&210925191,,,,54,54,1,concordant,0
bracket,1000,40912338&40912366,40912241&40912465,,,,2,2,1,concordant,0
bracket,1000,85285112&85286730,85285524&85286320,,,,20,20,1,concordant,0
bracket,1000,103947606&103947774,103946839&103948543,,,,5,5,1,concordant,0
bracket,1000,166010225&166011799,166010515&166011511,,,,31,31,1,concordant,0
bracket,1000,40255967&40257579,40256162&40257386,,,,50,50,1,concordant,0
bracket,1000,72512794&72514566,72512696&72514666,,,,41,41,1,concordant,0
bracket,1000,145001564&145002936,145002187&145002315,,,,4,4,1,concordant,0
bracket,1000,15307980&15308988,15307855&15309115,,,,34,34,1,concordant,0
bracket,1000,169561788&169562666,169562089&169562367,,,,9,9,1,concordant,0
bracket,1000,152302184&152302212,152301864&152302534,,,,1,1,1,concordant,0
bracket,1000,65317387&65318825,65317291&65318923,,,,46,46,1,concordant,0
bracket,1000,150680665&150682121,150680471&150682317,,,,45,45,1,concordant,0
bracket,1000,201200427&201201293,201199920&201201802,,,,32,32,1,concordant,0
bracket,1000,26684676&26686330,26685453&26685555,,,,7,7,1,concordant,0
bracket,1000,103943898&103944390,103944135&103944155,,,,1,1,1,concordant,0
bracket,1000,217774562&217774656,217774513&217774707,,,,3,3,1,concordant,0
bracket,1000,97227628&97228036,97227360&97228306,,,,11,11,1,concordant,0
bracket,1000,46096809&46097361,46096871&46097301,,,,27,27,1,concordant,0
bracket,1000,148010757&148011221,148010088&148011892,,,,23,23,1,concordant,0
bracket,1000,97692361&97693027,97691876&97693514,,,,14,14,1,concordant,0
bracket,1000,150823199&150823715,150822754&150824162,,,,29,29,1,concordant,0
bracket,1000,214195740&214196968,214195738&214196972,,,,42,42,1,concordant,0
bracket,1000,204122458&204124206,204122465&204124201,,,,42,42,1,concordant,0
bracket,1000,102856478&102858002,102856654&102857828,,,,35,35,1,concordant,0
bracket,1000,172197419&172199181,172197333&172199275,,,,52,52,1,concordant,0
bracket,1000,133072862&133073110,133072035&133073939,,,,6,6,1,concordant,0
bracket,1000,142234173&142234563,142234329&142234409,,,,3,3,1,concordant,0
bracket,1000,127793808&127793940,127793817&127793933,,,,5,5,1,concordant,0
bracket,1000,131760087&131760433,131759753&131760769,,,,15,15,1,concordant,0
bracket,1000,186483710&186484948,186484129&186484531,,,,8,8,1,concordant,0
bracket,1000,22211360&22211598,22211406&22211554,,,,7,7,1,concordant,0
bracket,1000,127435265&127435339,127434549&127436057,,,,8,8,1,concordant,0
bracket,1000,186157324&186157328,186156959&186157695,,,,1,1,1,concordant,0
bracket,1000,181163878&181165388,181164164&181165104,,,,12,12,1,concordant,0
bracket,1000,225187493&225188573,225187927&225188141,,,,4,4,1,concordant,0
bracket,1000,44146215&44146721,44146248&44146690,,,,16,16,1,concordant,0
bracket,1000,6802778&6804648,6803207&6804221,,,,42,42,1,concordant,0
bracket,1000,156087063&156088081,156086626&156088520,,,,29,29,1,concordant,0
bracket,1000,143500474&143500484,143499800&143501160,,,,2,2,1,concordant,0
bracket,1000,92102032&92103270,92101668&92103636,,,,68,68,1,concordant,0
bracket,1000,32219965&32219977,32219403&32220541,,,,1,1,1,concordant,0
bracket,1000,211748971&211749875,211748952&211749896,,,,31,31,1,concordant,0
bracket,1000,49013611&49014441,49013301&49014753,,,,37,37,1,concordant,0
bracket,1000,240738868&240740084,240739433&240739521,,,,6,6,1,concordant,0
bracket,1000,235145105&235146723,235145282&235146548,,,,35,35,1,concordant,0
bracket,1000,34472947&34473851,34473063&34473737,,,,32,31,0,dropped_cnv,1
bracket,1000,209382001&209383371,209381739&209383635,,,,57,57,1,concordant,0
bracket,1000,14451433&14451633,14450967&14452101,,,,6,6,1,concordant,0
bracket,1000,13645117&13645553,13645035&13645637,,,,16,16,1,concordant,0
bracket,1000,175320971&175322643,175321316&175322300,,,,29,29,1,concordant,0
bracket,1000,21791273&21791557,21791257&21791575,,,,8,8,1,concordant,0
bracket,1000,6852362&6853590,6852096&6853858,,,,35,35,1,concordant,0
bracket,1000,236506796&236507454,236506895&236507357,,,,15,15,1,concordant,0
bracket,1000,77028525&77028585,77028028&77029084,,,,6,6,1,concordant,0
bracket,1000,112567518&112567548,112566678&112568390,,,,1,1,1,concordant,0
bracket,1000,76586290&76587658,76586974&76586976,,,,1,1,1,concordant,0
bracket,1000,123797887&123799419,123797985&123799323,,,,50,50,1,concordant,0
bracket,1000,41871175&41872777,41871195&41872759,,,,73,73,1,concordant,0
bracket,1000,33193882&33194880,33193387&33195377,,,,40,40,1,concordant,0
bracket,1000,67355042&67355120,67354706&67355458,,,,4,4,1,concordant,0
bracket,1000,174529403&174530317,174529022&174530700,,,,30,30,1,concordant,0
bracket,1000,184646359&184647861,184646673&184647549,,,,25,25,1,concordant,0
bracket,1000,191319397&191320245,191319266&191320378,,,,26,26,1,concordant,0
bracket,1000,111676367&111676717,111676147&111676939,,,,10,10,1,concordant,0
bracket,1000,199791567&199792827,199791551&199792845,,,,27,27,1,concordant,0
bracket,1000,184193036&184193914,184192793&184194159,,,,32,32,1,concordant,0
bracket,1000,129300995&129302855,129301871&129301981,,,,6,6,1,concordant,0
bracket,1000,232839318&232841068,232839941&232840447,,,,16,16,1,concordant,0
bracket,1000,171799050&171799536,171798736&171799852,,,,16,16,1,concordant,0
bracket,1000,192871752&192872438,192871533&192872659,,,,16,16,1,concordant,0
bracket,1000,99338003&99339621,99338391&99339235,,,,24,24,1,concordant,0
bracket,1000,28480813&28481447,28480910&28481352,,,,15,15,1,concordant,0
bracket,1000,120252690&120253048,120251986&120253754,,,,18,18,1,concordant,0
bracket,1000,26724171&26724231,26723936&26724468,,,,2,2,1,concordant,0
bracket,1000,162455556&162455690,162455493&162455755,,,,7,7,1,concordant,0
bracket,1000,115301172&115301818,115300595&115302397,,,,13,13,1,concordant,0
bracket,1000,199825229&199826541,199825669&199826103,,,,14,14,1,concordant,0
bracket,1000,206029933&206030663,206029832&206030766,,,,15,15,1,concordant,0
bracket,1000,43252291&43252797,43251623&43253467,,,,28,28,1,concordant,0
bracket,1000,168017031&168018309,168016946&168018396,,,,37,37,1,concordant,0
bracket,1000,208134182&208136166,208134964&208135386,,,,11,11,1,concordant,0
bracket,1000,79651963&79652169,79651291&79652843,,,,8,8,1,concordant,0
bracket,1000,130459542&130461432,130460423&130460553,,,,2,2,1,concordant,0
bracket,1000,80338497&80338931,80338260&80339170,,,,17,17,1,concordant,0
bracket,1000,61039765&61040027,61038929&61040865,,,,8,8,1,concordant,0
bracket,1000,57739718&57741238,57740168&57740790,,,,16,16,1,concordant,0
bracket,1000,163938133&163939191,163938142&163939184,,,,31,31,1,concordant,0
bracket,1000,211063423&211063823,211062929&211064319,,,,9,9,1,concordant,0
bracket,1000,95770350&95771724,95770939&95771137,,,,4,4,1,concordant,0
bracket,1000,198067316&198067870,198066989&198068199,,,,19,19,1,concordant,0
bracket,1000,74089290&74090300,74089230&74090362,,,,18,18,1,concordant,0
bracket,1000,194203750&194205608,194204545&194204815,,,,9,9,1,concordant,0
bracket,1000,135065184&135066050,135064753&135066483,,,,28,28,1,concordant,0
bracket,1000,232958869&232960303,232959318&232959856,,,,10,10,1,concordant,0
bracket,1000,154199709&154201049,154199529&154201231,,,,33,33,1,concordant,0
bracket,1000,153172775&153173353,153172822&153173308,,,,7,7,1,concordant,0
bracket,1000,171858840&171860044,171859435&171859451,,,,2,2,1,concordant,0
bracket,1000,198018294&198020102,198018808&198019590,,,,18,18,1,concordant,0
bracket,1000,56119824&56121570,56119843&56121553,,,,48,48,1,concordant,0
bracket,1000,10243223&10243831,10243491&10243565,,,,2,2,1,concordant,0
bracket,1000,90046692&90046886,90046778&90046802,,,,1,1,1,concordant,0
bracket,1000,203593129&203594419,203592877&203594673,,,,21,21,1,concordant,0
bracket,1000,65358645&65358809,65358180&65359276,,,,8,8,1,concordant,0
bracket,1000,208144134&208144816,208143509&208145443,,,,22,22,1,concordant,0
bracket,1000,142735813&142736597,142735409&142737003,,,,24,24,1,concordant,0
bracket,1000,33007846&33008286,33007555&33008579,,,,10,10,1,concordant,0
bracket,1000,232265789&232267617,232266375&232267033,,,,14,14,1,concordant,0
bracket,1000,31461700&31463640,31462345&31462997,,,,32,32,1,concordant,0
bracket,1000,75007425&75008015,75007552&75007890,,,,8,8,1,concordant,0
bracket,1000,207121899&207122131,207121327&207122705,,,,5,5,1,concordant,0
bracket,1000,66014599&66015179,66014332&66015448,,,,13,13,1,concordant,0
bracket,1000,10021775&10023065,10022090&10022752,,,,21,21,1,concordant,0
bracket,1000,161005652&161005992,161005471&161006175,,,,17,17,1,concordant,0
bracket,1000,5938162&5938916,5938340&5938740,,,,18,18,1,concordant,0
bracket,1000,67473157&67475043,67473811&67474391,,,,17,17,1,concordant,0
bracket,1000,111786482&111786784,111785643&111787625,,,,8,8,1,concordant,0
bracket,1000,95592175&95593299,95592089&95593395,,,,38,38,1,concordant,0
bracket,1000,127525964&127526024,127525095&127526895,,,,6,6,1,concordant,0
bracket,1000,153151988&153152394,153152136&153152248,,,,4,4,1,concordant,0
bracket,1000,159370526&159371534,159370461&159371601,,,,35,35,1,concordant,0
bracket,1000,240576465&240576925,240575910&240577482,,,,19,19,1,concordant,0
bracket,1000,194934993&194935219,194934885&194935329,,,,10,10,1,concordant,0
bracket,1000,174811960&174812692,174811752&174812902,,,,26,26,1,concordant,0
bracket,1000,55175594&55176210,55174980&55176826,,,,33,33,1,concordant,0
bracket,1000,57574696&57576564,57575014&57576248,,,,41,41,1,concordant,0
bracket,1000,137554747&137554985,137554668&137555066,,,,8,8,1,concordant,0
bracket,1000,104538238&104538498,104537818&104538920,,,,6,6,1,concordant,0
bracket,1000,126315085&126316079,126315376&126315790,,,,13,13,1,concordant,0
bracket,1000,133900278&133901060,133899692&133901648,,,,21,21,1,concordant,0
bracket,1000,137778800&137779654,137778937&137779519,,,,13,13,1,concordant,0
bracket,1000,42042549&42043097,42042752&42042898,,,,10,10,1,concordant,0
bracket,1000,226839411&226841077,226839518&226840972,,,,37,37,1,concordant,0
bracket,1000,240754378&240754606,240753578&240755408,,,,11,11,1,concordant,0
bracket,1000,207331741&207332493,207331485&207332751,,,,17,17,1,concordant,0
bracket,1000,126077212&126077446,126077270&126077390,,,,5,5,1,concordant,0
bracket,10000,189025547&189034767,189028166&189032150,,,,139,139,1,concordant,0
bracket,10000,123735191&123750747,123737890&123748050,,,,376,375,0,dropped_cnv,1
bracket,10000,30932277&30943951,30929821&30946409,,,,389,389,1,concordant,0
bracket,10000,21874871&21880787,21876798&21878862,,,,68,68,1,concordant,0
bracket,10000,76015654&76025006,76018300&76022362,,,,143,143,1,concordant,0
bracket,10000,190920869&190930017,190920271&190930617,,,,227,227,1,concordant,0
bracket,10000,145176344&145195936,145181888&145190394,,,,191,191,1,concordant,0
bracket,10000,104067773&104075727,104070245&104073257,,,,96,96,1,concordant,0
bracket,10000,60332168&60347572,60338291&60341451,,,,97,97,1,concordant,0
bracket,10000,5471723&5478599,5465460&5484864,,,,235,235,1,concordant,0
bracket,10000,7939966&7958998,7941251&7957715,,,,545,545,1,concordant,0
bracket,10000,185555467&185560339,185552959&185562849,,,,131,131,1,concordant,0
bracket,10000,215121169&215132475,215122347&215131299,,,,230,230,1,concordant,0
bracket,10000,6251464&6267972,6251973&6267465,,,,534,534,1,concordant,0
bracket,10000,87244334&87258894,87250188&87253042,,,,39,39,1,concordant,0
bracket,10000,190921651&190931197,190922696&190930154,,,,193,193,1,concordant,0
bracket,10000,71145409&71159253,71145307&71159357,,,,435,434,0,dropped_cnv,1
bracket,10000,59813523&59831107,59819652&59824980,,,,152,152,1,concordant,0
bracket,10000,66380213&66390039,66378597&66391657,,,,315,315,1,concordant,0
bracket,10000,104791790&104809958,104796195&104805555,,,,259,259,1,concordant,0
bracket,10000,46120165&46127267,46121226&46126208,,,,177,177,1,concordant,0
bracket,10000,82164871&82167767,82160068&82172572,,,,78,78,1,concordant,0
bracket,10000,2048453&2057843,2051237&2055061,,,,108,108,1,concordant,0
bracket,10000,10792085&10808091,10790306&10809872,,,,478,478,1,concordant,0
bracket,10000,230724896&230727216,230723978&230728136,,,,57,57,1,concordant,0
bracket,10000,235450412&235465400,235448090&235467724,,,,518,518,1,concordant,0
bracket,10000,65313080&65331874,65322208&65322748,,,,23,23,1,concordant,0
bracket,10000,212431142&212444534,212431136&212444542,,,,420,420,1,concordant,0
bracket,10000,34036145&34038763,34036418&34038492,,,,89,89,1,concordant,0
bracket,10000,236487189&236493453,236488677&236491967,,,,87,87,1,concordant,0
bracket,10000,119501701&119517891,119508903&119510691,,,,69,69,1,concordant,0
bracket,10000,146749519&146768355,146753822&146764054,,,,276,276,1,concordant,0
bracket,10000,172432877&172443527,172433062&172443344,,,,297,297,1,concordant,0
bracket,10000,155533914&155542466,155537418&155538964,,,,44,44,1,concordant,0
bracket,10000,230940827&230959043,230946631&230953241,,,,205,205,1,concordant,0
bracket,10000,203834071&203851849,203835455&203850467,,,,302,302,1,concordant,0
bracket,10000,60484353&60492395,60485718&60491032,,,,177,177,1,concordant,0
bracket,10000,231002271&231002599,230993923&231010949,,,,7,7,1,concordant,0
bracket,10000,19765198&19784602,19767985&19781817,,,,467,466,0,dropped_cnv,1
bracket,10000,5681570&5683894,5680156&5685310,,,,76,76,1,concordant,0
bracket,10000,180596710&180606134,180599405&180603441,,,,118,118,1,concordant,0
bracket,10000,169744589&169760051,169743099&169761543,,,,464,464,1,concordant,0
bracket,10000,144646022&144649766,144643442&144652348,,,,97,97,1,concordant,0
bracket,10000,142926173&142943177,142933378&142935974,,,,70,70,1,concordant,0
bracket,10000,74272221&74285227,74278038&74279412,,,,43,43,1,concordant,0
bracket,10000,233675350&233681912,233670386&233686878,,,,193,193,1,concordant,0
bracket,10000,135855572&135871380,135859030&135867924,,,,287,287,1,concordant,0
bracket,10000,226009017&226018701,226004439&226023281,,,,267,267,1,concordant,0
bracket,10000,136079351&136081353,136079927&136080779,,,,27,27,1,concordant,0
bracket,10000,33703035&33719181,33704465&33717753,,,,473,472,0,dropped_cnv,1
bracket,10000,118752360&118755714,118744984&118763092,,,,133,133,1,concordant,0
bracket,10000,98582071&98594961,98586579&98590455,,,,109,109,1,concordant,0
bracket,10000,226225920&226241946,226226664&226241204,,,,389,389,1,concordant,0
bracket,10000,126825075&126838321,126827349&126836049,,,,250,250,1,concordant,0
bracket,10000,234228623&234242835,234233386&234238074,,,,195,195,1,concordant,0
bracket,10000,158337148&158351550,158340590&158348110,,,,259,258,0,dropped_cnv,1
bracket,10000,95384857&95391933,95386549&95390243,,,,125,125,1,concordant,0
bracket,10000,167374515&167382129,167372183&167384463,,,,213,213,1,concordant,0
bracket,10000,27470180&27474750,27465504&27479428,,,,161,161,1,concordant,0
bracket,10000,141651978&141664680,141657498&141659162,,,,51,51,1,concordant,0
bracket,10000,40132844&40143942,40137805&40138983,,,,36,36,1,concordant,0
bracket,10000,184440386&184460148,184441585&184458951,,,,655,654,0,dropped_cnv,1
bracket,10000,71001038&71015752,71003204&71013588,,,,301,301,1,concordant,0
bracket,10000,196005998&196021674,196013400&196014274,,,,27,27,1,concordant,0
bracket,10000,157346322&157354218,157348030&157352512,,,,96,96,1,concordant,0
bracket,10000,180145115&180149393,180146407&180148103,,,,45,45,1,concordant,0
bracket,10000,211523336&211528658,211525361&211526635,,,,37,37,1,concordant,0
bracket,10000,193508758&193526024,193508303&193526481,,,,446,446,1,concordant,0
bracket,10000,184640518&184641880,184637583&184644817,,,,47,47,1,concordant,0
bracket,10000,132948300&132951048,132947029&132952321,,,,62,62,1,concordant,0
bracket,10000,147600984&147618462,147608444&147611004,,,,64,64,1,concordant,0
bracket,10000,114009383&114022755,114009030&114023110,,,,397,397,1,concordant,0
bracket,10000,219142204&219157658,219146701&219153163,,,,187,187,1,concordant,0
bracket,10000,78733820&78749118,78734108&78748832,,,,453,453,1,concordant,0
bracket,10000,134898853&134909427,134903743&134904539,,,,15,15,1,concordant,0
bracket,10000,6816932&6830314,6821030&6826218,,,,207,207,1,concordant,0
bracket,10000,208299887&208315633,208301808&208313714,,,,271,270,0,dropped_cnv,1
bracket,10000,163688467&163705621,163688391&163705699,,,,520,520,1,concordant,0
bracket,10000,109458657&109463797,109455719&109466737,,,,151,151,1,concordant,0
bracket,10000,165015106&165022088,165016937&165020259,,,,105,105,1,concordant,0
bracket,10000,44472762&44481512,44470194&44484082,,,,278,278,1,concordant,0
bracket,10000,19560604&19575176,19559558&19576224,,,,443,443,1,concordant,0
bracket,10000,40359956&40374516,40366980&40367494,,,,14,14,1,concordant,0
bracket,10000,171393338&171405208,171394237&171404311,,,,320,320,1,concordant,0
bracket,10000,161754643&161762699,161749383&161767961,,,,243,243,1,concordant,0
bracket,10000,203963706&203977820,203965794&203975734,,,,236,236,1,concordant,0
bracket,10000,202449742&202453404,202447092&202456056,,,,110,110,1,concordant,0
bracket,10000,104096540&104097166,104092593&104101115,,,,23,23,1,concordant,0
bracket,10000,59885779&59894403,59884939&59895245,,,,281,281,1,concordant,0
bracket,10000,228646344&228651150,228647914&228649582,,,,48,48,1,concordant,0
bracket,10000,210764160&210771930,210766885&210769207,,,,56,56,1,concordant,0
bracket,10000,34605571&34622783,34606315&34622041,,,,473,473,1,concordant,0
bracket,10000,170451955&170470657,170457656&170464958,,,,227,227,1,concordant,0
bracket,10000,34809446&34818700,34811255&34816893,,,,272,272,1,concordant,0
bracket,10000,44841913&44854587,44845884&44850618,,,,141,141,1,concordant,0
bracket,10000,99817069&99836225,99821389&99831907,,,,290,290,1,concordant,0
bracket,10000,73897120&73906730,73894416&73909436,,,,339,338,0,dropped_cnv,1
bracket,10000,144945484&144948148,144940134&144953500,,,,71,70,0,dropped_cnv,1
bracket,10000,13620457&13626495,13617904&13629050,,,,198,197,0,dropped_cnv,1
bracket,10000,19550336&19551706,19542652&19559392,,,,37,37,1,concordant,0
bracket,10000,120840448&120847176,120835676&120851950,,,,186,186,1,concordant,0
bracket,10000,219128667&219130897,219121513&219138053,,,,69,69,1,concordant,0
bracket,10000,170326125&170335103,170322716&170338514,,,,253,253,1,concordant,0
bracket,10000,85490668&85491282,85488763&85493189,,,,18,18,1,concordant,0
bracket,10000,45063313&45069003,45059863&45072455,,,,171,171,1,concordant,0
bracket,10000,189545714&189564594,189549662&189560648,,,,290,289,0,dropped_cnv,1
bracket,10000,129246451&129263143,129249721&129259875,,,,310,309,0,dropped_cnv,1
bracket,10000,129649749&129663421,129649862&129663310,,,,407,407,1,concordant,0
bracket,10000,71435790&71441320,71436746&71440366,,,,116,116,1,concordant,0
bracket,10000,124927796&124939682,124929569&124937911,,,,273,273,1,concordant,0
bracket,10000,192100072&192111718,192100055&192111737,,,,310,310,1,concordant,0
bracket,10000,34466902&34485680,34470297&34482287,,,,473,472,0,dropped_cnv,1
bracket,10000,32440580&32442124,32434392&32448314,,,,43,43,1,concordant,0
bracket,10000,106127892&106128706,106123009&106133591,,,,27,27,1,concordant,0
bracket,10000,34867345&34868955,34858565&34877737,,,,77,77,1,concordant,0
bracket,10000,11662209&11679887,11661216&11680882,,,,528,528,1,concordant,0
bracket,10000,95731460&95735972,95727954&95739480,,,,123,123,1,concordant,0
bracket,10000,132190366&132194392,132185717&132199043,,,,136,136,1,concordant,0
bracket,10000,199689295&199706223,199690796&199704724,,,,338,338,1,concordant,0
bracket,10000,3034199&3040015,3033681&3040535,,,,204,204,1,concordant,0
bracket,10000,187946215&187960455,187953269&187953403,,,,7,7,1,concordant,0
bracket,10000,187269897&187273221,187269454&187273666,,,,79,79,1,concordant,0
bracket,10000,145631431&145636699,145629507&145638625,,,,123,123,1,concordant,0
bracket,10000,137296255&137300695,137297423&137299529,,,,72,72,1,concordant,0
bracket,10000,99518187&99532829,99523018&99528000,,,,132,132,1,concordant,0
bracket,10000,30183379&30191635,30183142&30191874,,,,262,262,1,concordant,0
bracket,10000,223757468&223774338,223763851&223767957,,,,142,142,1,concordant,0
bracket,10000,190979418&190986118,190974865&190990673,,,,196,196,1,concordant,0
bracket,10000,172914429&172914599,172910949&172918081,,,,4,4,1,concordant,0
bracket,10000,63988614&64005252,63993208&64000660,,,,184,183,0,dropped_cnv,1
bracket,10000,127126537&127129651,127128039&127128151,,,,3,3,1,concordant,0
bracket,10000,123806755&123825487,123807638&123824606,,,,543,543,1,concordant,0
bracket,10000,37613683&37632623,37617383&37628925,,,,433,433,1,concordant,0
bracket,10000,123302377&123317691,123300982&123319088,,,,525,525,1,concordant,0
bracket,10000,98908032&98923350,98907792&98923592,,,,490,490,1,concordant,0
bracket,10000,150352006&150368252,150350620&150369640,,,,550,550,1,concordant,0
bracket,10000,179759137&179766777,179755151&179770765,,,,234,233,0,dropped_cnv,1
bracket,10000,67166288&67176720,67162724&67180286,,,,315,315,1,concordant,0
bracket,10000,127379730&127396578,127385365&127390945,,,,174,174,1,concordant,0
bracket,10000,166956067&166973545,166960851&166968763,,,,222,222,1,concordant,0
bracket,10000,154688660&154697394,154688678&154697378,,,,223,223,1,concordant,0
bracket,10000,219577095&219584243,219573675&219587665,,,,209,209,1,concordant,0
bracket,10000,135140306&135149290,135143253&135146345,,,,100,99,0,dropped_cnv,1
bracket,10000,79276532&79280282,79276184&79280632,,,,174,174,1,concordant,0
bracket,10000,235217936&235225094,235216748&235226284,,,,237,237,1,concordant,0
bracket,10000,176957663&176970023,176960347&176967341,,,,208,208,1,concordant,0
bracket,10000,125154464&125170038,125158418&125166086,,,,266,266,1,concordant,0
bracket,10000,174881552&174887650,174882668&174886536,,,,123,123,1,concordant,0
bracket,10000,213038559&213042775,213037331&213044005,,,,124,124,1,concordant,0
bracket,10000,58124255&58138363,58126623&58135997,,,,271,270,0,dropped_cnv,1
bracket,10000,38140174&38149494,38142551&38147119,,,,154,154,1,concordant,0
bracket,10000,1318407&1323677,1318667&1323419,,,,169,169,1,concordant,0
bracket,10000,26735999&26741891,26733775&26744117,,,,219,219,1,concordant,0
bracket,10000,41765153&41771003,41758459&41777699,,,,268,268,1,concordant,0
bracket,10000,48130781&48142585,48128330&48145038,,,,357,357,1,concordant,0
bracket,10000,213870040&213880064,213872630&213877476,,,,102,102,1,concordant,0
bracket,10000,37876196&37878666,37870078&37884786,,,,84,84,1,concordant,0
bracket,10000,186052257&186067811,186052162&186067908,,,,439,439,1,concordant,0
bracket,10000,20884626&20895468,20885598&20894498,,,,273,273,1,concordant,0
bracket,10000,38008511&38019039,38011132&38016420,,,,172,172,1,concordant,0
bracket,10000,63206815&63217855,63208473&63216199,,,,188,188,1,concordant,0
bracket,10000,76114994&76127218,76114702&76127512,,,,389,389,1,concordant,0
bracket,10000,237936915&237944879,237935885&237945911,,,,266,266,1,concordant,0
bracket,10000,17979147&17987051,17982218&17983982,,,,54,54,1,concordant,0
bracket,10000,107732258&107743908,107731748&107744420,,,,363,363,1,concordant,0
bracket,10000,121025921&121033249,121026183&121032989,,,,204,204,1,concordant,0
bracket,10000,47649147&47660191,47645399&47663941,,,,471,471,1,concordant,0
bracket,10000,230906766&230910432,230906612&230910588,,,,102,102,1,concordant,0
bracket,10000,30863131&30864793,30856130&30871796,,,,59,59,1,concordant,0
bracket,10000,34400920&34413546,34403945&34410523,,,,240,240,1,concordant,0
bracket,10000,55296783&55305139,55291871&55310053,,,,253,253,1,concordant,0
bracket,10000,167534363&167535445,167532982&167536828,,,,30,30,1,concordant,0
bracket,10000,204910195&204916349,204907846&204918700,,,,170,170,1,concordant,0
bracket,10000,153158105&153160919,153155707&153163319,,,,89,89,1,concordant,0
bracket,10000,162265804&162274012,162262637&162277181,,,,195,195,1,concordant,0
bracket,10000,56241153&56241809,56237419&56245545,,,,20,20,1,concordant,0
bracket,10000,21446444&21450098,21440524&21456020,,,,98,98,1,concordant,0
bracket,10000,107317999&107327151,107317212&107327940,,,,305,305,1,concordant,0
bracket,10000,157740319&157754693,157741574&157753440,,,,313,313,1,concordant,0
bracket,10000,187392524&187400376,187392942&187399960,,,,179,179,1,concordant,0
bracket,10000,52099203&52117971,52107490&52109686,,,,75,75,1,concordant,0
bracket,10000,103575617&103585075,103578534&103582160,,,,108,108,1,concordant,0
bracket,10000,83621576&83625650,83619441&83627787,,,,98,98,1,concordant,0
bracket,10000,235692588&235702634,235697055&235698169,,,,35,35,1,concordant,0
bracket,10000,10571112&10574086,10570744&10574456,,,,82,82,1,concordant,0
bracket,10000,62381886&62387298,62379466&62389720,,,,149,149,1,concordant,0
bracket,10000,118921217&118927689,118922792&118926116,,,,102,102,1,concordant,0
bracket,10000,56721048&56734362,56719466&56735948,,,,474,474,1,concordant,0
bracket,10000,105021467&105024015,105017174&105028310,,,,66,66,1,concordant,0
bracket,10000,28996356&28997722,28995717&28998363,,,,32,32,1,concordant,0
bracket,10000,53808946&53820230,53805156&53824022,,,,409,409,1,concordant,0
bracket,10000,187190346&187206484,187193867&187202965,,,,235,235,1,concordant,0
bracket,10000,36134163&36146167,36133655&36146677,,,,456,456,1,concordant,0
bracket,10000,88976348&88986868,88975850&88987368,,,,255,255,1,concordant,0
bracket,10000,161802533&161805303,161797798&161810040,,,,85,84,0,dropped_cnv,1
bracket,10000,106365391&106372137,106359585&106377945,,,,206,206,1,concordant,0
bracket,10000,85375804&85384580,85374835&85385551,,,,264,264,1,concordant,0
bracket,10000,193578983&193582285,193574293&193586977,,,,74,74,1,concordant,0
bracket,10000,31835445&31839087,31831164&31843370,,,,105,105,1,concordant,0
bracket,10000,90258316&90274500,90258154&90274664,,,,357,357,1,concordant,0
bracket,100000,103274766&103350638,103215551&103409855,,,,2290,2290,1,concordant,0
bracket,100000,106558209&106694995,106612360&106640846,,,,1000,1000,1,concordant,0
bracket,100000,105285930&105460130,105359383&105386679,,,,848,848,1,concordant,0
bracket,100000,115937054&116108980,115998205&116047831,,,,1342,1342,1,concordant,0
bracket,100000,225538753&225609797,225562615&225585937,,,,618,618,1,concordant,0
bracket,100000,176374930&176444830,176337165&176482597,,,,1964,1963,0,dropped_cnv,1
bracket,100000,227069624&227125010,227040705&227153931,,,,1530,1530,1,concordant,0
bracket,100000,29531664&29667916,29560705&29638885,,,,2445,2442,0,dropped_cnv,1
bracket,100000,238901910&238974884,238887565&238989231,,,,2072,2072,1,concordant,0
bracket,100000,192355172&192413920,192326674&192442420,,,,1795,1795,1,concordant,0
bracket,100000,69478594&69669320,69548713&69599203,,,,1383,1382,0,dropped_cnv,1
bracket,100000,103169283&103194663,103173243&103190705,,,,370,370,1,concordant,0
bracket,100000,160296279&160421841,160306797&160411325,,,,2603,2599,0,dropped_cnv,1
bracket,100000,125386164&125510524,125369743&125526947,,,,3950,3947,0,dropped_cnv,1
bracket,100000,216263097&216436439,216265704&216433834,,,,4782,4782,1,concordant,0
bracket,100000,55180986&55235336,55170737&55245587,,,,1837,1837,1,concordant,0
bracket,100000,34567918&34582574,34477299&34673195,,,,551,551,1,concordant,0
bracket,100000,45988504&46083792,46007610&46064688,,,,1971,1970,0,dropped_cnv,1
bracket,100000,2453544&2606582,2450921&2609207,,,,5728,5724,0,dropped_cnv,1
bracket,100000,63125971&63129599,63040701&63214871,,,,81,81,1,concordant,0
bracket,100000,62154844&62257008,62135860&62275994,,,,2733,2730,0,dropped_cnv,1
bracket,100000,240317129&240422335,240307426&240432040,,,,3689,3687,0,dropped_cnv,1
bracket,100000,161292264&161417072,161282296&161427042,,,,3243,3243,1,concordant,0
bracket,100000,55243609&55407667,55308142&55343136,,,,1137,1136,0,dropped_cnv,1
bracket,100000,28528460&28675652,28595339&28608775,,,,452,452,1,concordant,0
bracket,100000,68100015&68230333,68071951&68258399,,,,4182,4181,0,dropped_cnv,1
bracket,100000,40146364&40264078,40168739&40241705,,,,3342,3341,0,dropped_cnv,1
bracket,100000,62051166&62100506,62053077&62098597,,,,1309,1307,0,dropped_cnv,1
bracket,100000,161719510&161844226,161757389&161806349,,,,1313,1312,0,dropped_cnv,1
bracket,100000,86757417&86757981,86738458&86776942,,,,8,8,1,concordant,0
bracket,100000,11657017&11829729,11701267&11785481,,,,2838,2838,1,concordant,0
bracket,100000,96158041&96238409,96101789&96294663,,,,1873,1871,0,dropped_cnv,1
bracket,100000,159994370&160177204,160024904&160146672,,,,3678,3676,0,dropped_cnv,1
bracket,100000,178272148&178437874,178306636&178403388,,,,2435,2432,0,dropped_cnv,1
bracket,100000,175908011&175951399,175840067&176019345,,,,1165,1164,0,dropped_cnv,1
bracket,100000,166982446&167163254,167068568&167077134,,,,255,255,1,concordant,0
bracket,100000,236666881&236670815,236590609&236747091,,,,202,202,1,concordant,0
bracket,100000,128721054&128788312,128741059&128768309,,,,770,770,1,concordant,0
bracket,100000,184743482&184929676,184790019&184883141,,,,2747,2745,0,dropped_cnv,1
bracket,100000,68974186&69159816,69011222&69122782,,,,3451,3449,0,dropped_cnv,1
bracket,100000,103331030&103385916,103320916&103396032,,,,1581,1581,1,concordant,0
bracket,100000,67132166&67235200,67163849&67203519,,,,1165,1164,0,dropped_cnv,1
bracket,100000,137632407&137652237,137624071&137660575,,,,593,593,1,concordant,0
bracket,100000,33730285&33811119,33760881&33780525,,,,635,634,0,dropped_cnv,1
bracket,100000,40546759&40587741,40523759&40610743,,,,1579,1578,0,dropped_cnv,1
bracket,100000,61945814&62019528,61964259&62001085,,,,1157,1157,1,concordant,0
bracket,100000,24648093&24746833,24671230&24723698,,,,1372,1371,0,dropped_cnv,1
bracket,100000,79292290&79304530,79279906&79316916,,,,377,377,1,concordant,0
bracket,100000,152587395&152656157,152604601&152638953,,,,894,894,1,concordant,0
bracket,100000,161809270&161894838,161838120&161865990,,,,772,772,1,concordant,0
bracket,100000,152395290&152411872,152361443&152445721,,,,408,407,0,dropped_cnv,1
bracket,100000,210489260&210600006,210465951&210623317,,,,2810,2810,1,concordant,0
bracket,100000,142585494&142727708,142631732&142681472,,,,1466,1463,0,dropped_cnv,1
bracket,100000,67748003&67904817,67822347&67830475,,,,209,209,1,concordant,0
bracket,100000,172127521&172178519,172142349&172163693,,,,553,553,1,concordant,0
bracket,100000,142374257&142479529,142383535&142470253,,,,2670,2670,1,concordant,0
bracket,100000,82378012&82531086,82364495&82544605,,,,4660,4655,0,dropped_cnv,1
bracket,100000,35398304&35526434,35369507&35555233,,,,4266,4265,0,dropped_cnv,1
bracket,100000,31422797&31476165,31402665&31496299,,,,1830,1829,0,dropped_cnv,1
bracket,100000,130816060&131010790,130851146&130975706,,,,3907,3902,0,dropped_cnv,1
bracket,100000,228559334&228581902,228472633&228668605,,,,761,761,1,concordant,0
bracket,100000,107841487&108006521,107833153&108014857,,,,4985,4980,0,dropped_cnv,1
bracket,100000,178987437&179154735,179029295&179112879,,,,2550,2548,0,dropped_cnv,1
bracket,100000,120798925&120912065,120839967&120871025,,,,802,802,1,concordant,0
bracket,100000,29289630&29382738,29264021&29408349,,,,2982,2982,1,concordant,0
bracket,100000,198105356&198137644,198116561&198126441,,,,266,266,1,concordant,0
bracket,100000,44716667&44721867,44719001&44719535,,,,14,14,1,concordant,0
bracket,100000,229325850&229470156,229305211&229490797,,,,4395,4389,0,dropped_cnv,1
bracket,100000,164373180&164562688,164464985&164470885,,,,150,150,1,concordant,0
bracket,100000,206111655&206169027,206058598&206222086,,,,1502,1499,0,dropped_cnv,1
bracket,100000,141293212&141297376,141212176&141378414,,,,170,170,1,concordant,0
bracket,100000,42199906&42270014,42208877&42261045,,,,1917,1916,0,dropped_cnv,1
bracket,100000,18013433&18118877,18041530&18090782,,,,1347,1347,1,concordant,0
bracket,100000,71246469&71388907,71315307&71320071,,,,218,218,1,concordant,0
bracket,100000,129800566&129944798,129789687&129955683,,,,4604,4603,0,dropped_cnv,1
bracket,100000,175642611&175805591,175708812&175739392,,,,762,761,0,dropped_cnv,1
bracket,100000,227384956&227505834,227391083&227499709,,,,3222,3220,0,dropped_cnv,1
bracket,100000,182024535&182155943,182063882&182116598,,,,1382,1382,1,concordant,0
bracket,100000,154596197&154737617,154568659&154765157,,,,3859,3854,0,dropped_cnv,1
bracket,100000,70617590&70790936,70609317&70799211,,,,5141,5141,1,concordant,0
bracket,100000,77955680&78134504,77996132&78094054,,,,3459,3458,0,dropped_cnv,1
bracket,100000,77049861&77150217,77054750&77145330,,,,3449,3446,0,dropped_cnv,1
bracket,100000,171926001&172022975,171901150&172047828,,,,2598,2597,0,dropped_cnv,1
bracket,100000,58418144&58517446,58431672&58503920,,,,2235,2232,0,dropped_cnv,1
bracket,100000,61585810&61776736,61584921&61777627,,,,6408,6405,0,dropped_cnv,1
bracket,100000,154521565&154658207,154490922&154688852,,,,3870,3868,0,dropped_cnv,1
bracket,100000,193866388&194048214,193950249&193964355,,,,353,352,0,dropped_cnv,1
bracket,100000,200841896&200944262,200822521&200963639,,,,2342,2339,0,dropped_cnv,1
bracket,100000,154076906&154097618,154032184&154142342,,,,580,580,1,concordant,0
bracket,100000,130167090&130325024,130159897&130332219,,,,4869,4864,0,dropped_cnv,1
bracket,100000,176495212&176655190,176488820&176661584,,,,4334,4329,0,dropped_cnv,1
bracket,100000,194072436&194191244,194101223&194162459,,,,1683,1680,0,dropped_cnv,1
bracket,100000,153229250&153359396,153205752&153382896,,,,3643,3641,0,dropped_cnv,1
bracket,100000,24545706&24724730,24619973&24650465,,,,924,924,1,concordant,0
bracket,100000,3708720&3857816,3685889&3880649,,,,4982,4978,0,dropped_cnv,1
bracket,100000,199079503&199186437,199074481&199191461,,,,3129,3123,0,dropped_cnv,1
bracket,100000,142122985&142179909,142092063&142210833,,,,1861,1860,0,dropped_cnv,1
bracket,100000,116401009&116411479,116373124&116439366,,,,282,282,1,concordant,0
bracket,100000,47729769&47811541,47719568&47821744,,,,2529,2525,0,dropped_cnv,1
bracket,100000,76365865&76427117,76300230&76492754,,,,1971,1969,0,dropped_cnv,1
bracket,100000,85504674&85646696,85531506&85619866,,,,2796,2795,0,dropped_cnv,1
bracket,100000,118473259&118551803,118414613&118610451,,,,2619,2617,0,dropped_cnv,1
bracket,100000,159705735&159820517,159732278&159793976,,,,1980,1979,0,dropped_cnv,1
bracket,100000,167099812&167107836,167079871&167127779,,,,199,199,1,concordant,0
bracket,100000,145219264&145237926,145146963&145310229,,,,487,486,0,dropped_cnv,1
bracket,100000,103007824&103188552,103094351&103102027,,,,271,271,1,concordant,0
bracket,100000,5529195&5627231,5553205&5603223,,,,1869,1867,0,dropped_cnv,1
bracket,100000,13366369&13499175,13413973&13451573,,,,1132,1132,1,concordant,0
bracket,100000,134298538&134441164,134303014&134436690,,,,3860,3859,0,dropped_cnv,1
bracket,100000,119101869&119215127,119150402&119166596,,,,434,433,0,dropped_cnv,1
bracket,100000,59749319&59928015,59790822&59886514,,,,3048,3044,0,dropped_cnv,1
bracket,100000,66250322&66419424,66293779&66375969,,,,2449,2447,0,dropped_cnv,1
bracket,100000,146957975&147068233,146955552&147070658,,,,2984,2983,0,dropped_cnv,1
bracket,100000,240918459&241034159,240884540&241068080,,,,3755,3752,0,dropped_cnv,1
bracket,100000,74457341&74611795,74526059&74543079,,,,503,502,0,dropped_cnv,1
bracket,100000,231204985&231227295,231158130&231274152,,,,606,606,1,concordant,0
bracket,100000,205397525&205520143,205437934&205479736,,,,1179,1178,0,dropped_cnv,1
bracket,100000,234427416&234474378,234417042&234484754,,,,1239,1239,1,concordant,0
bracket,100000,166253912&166313652,166198448&166369118,,,,1719,1719,1,concordant,0
bracket,100000,39934264&40035744,39977332&39992678,,,,497,497,1,concordant,0
bracket,100000,64907483&65073787,64901324&65079948,,,,4707,4706,0,dropped_cnv,1
bracket,100000,48100458&48223394,48089010&48234844,,,,4035,4034,0,dropped_cnv,1
bracket,100000,191543542&191587896,191495412&191636028,,,,1135,1135,1,concordant,0
bracket,100000,22455461&22507807,22471161&22492109,,,,671,670,0,dropped_cnv,1
bracket,100000,117788197&117855229,117818260&117825168,,,,234,234,1,concordant,0
bracket,100000,209820018&209949854,209793226&209976648,,,,3757,3755,0,dropped_cnv,1
bracket,100000,7369628&7441286,7358609&7452307,,,,2189,2189,1,concordant,0
bracket,100000,28545958&28622528,28579565&28588923,,,,307,307,1,concordant,0
bracket,100000,58186090&58289206,58190163&58285135,,,,2735,2733,0,dropped_cnv,1
bracket,100000,136037795&136054359,135967074&136125082,,,,495,495,1,concordant,0
bracket,100000,21581463&21683047,21631875&21632637,,,,22,22,1,concordant,0
bracket,100000,99226510&99257398,99240752&99243158,,,,45,45,1,concordant,0
bracket,100000,189987234&190107050,190010672&190083614,,,,1845,1843,0,dropped_cnv,1
bracket,100000,197998730&198043002,197930782&198110952,,,,1157,1156,0,dropped_cnv,1
bracket,100000,78754394&78935258,78788381&78901273,,,,3152,3149,0,dropped_cnv,1
bracket,100000,229581239&229593511,229515949&229658803,,,,348,348,1,concordant,0
bracket,100000,226806282&226934238,226771558&226968964,,,,3770,3767,0,dropped_cnv,1
bracket,100000,138680739&138736145,138665188&138751698,,,,1647,1646,0,dropped_cnv,1
bracket,100000,65776403&65886677,65782403&65880679,,,,3040,3040,1,concordant,0
bracket,100000,4267569&4378207,4294075&4351703,,,,1716,1716,1,concordant,0
bracket,100000,26349178&26514034,26338877&26524337,,,,4567,4561,0,dropped_cnv,1
bracket,100000,6076241&6233401,6092880&6216764,,,,4104,4103,0,dropped_cnv,1
bracket,100000,117071662&117126294,117066915&117131043,,,,1603,1603,1,concordant,0
bracket,100000,153128644&153269236,153157811&153240071,,,,2275,2274,0,dropped_cnv,1
bracket,100000,232295975&232360807,232304723&232352061,,,,1486,1484,0,dropped_cnv,1
bracket,100000,223118704&223260484,223126347&223252843,,,,3739,3738,0,dropped_cnv,1
bracket,100000,129816126&129933594,129809113&129940609,,,,3742,3741,0,dropped_cnv,1
bracket,100000,239788214&239790672,239740593&239838295,,,,93,93,1,concordant,0
bracket,100000,214228876&214398742,214263777&214363843,,,,2763,2758,0,dropped_cnv,1
bracket,100000,34311613&34346147,34323682&34334080,,,,366,366,1,concordant,0
bracket,100000,207439176&207473204,207453500&207458882,,,,136,136,1,concordant,0
bracket,100000,215030104&215122632,214978847&215173891,,,,2631,2630,0,dropped_cnv,1
bracket,100000,157966317&158058509,157938958&158085870,,,,2271,2267,0,dropped_cnv,1
bracket,100000,204526993&204564641,204516738&204574910,,,,1014,1013,0,dropped_cnv,1
bracket,100000,78329311&78404457,78323601&78410169,,,,2469,2469,1,concordant,0
bracket,100000,49780738&49859354,49806592&49833502,,,,980,980,1,concordant,0
bracket,100000,157201299&157233149,157202364&157232086,,,,697,697,1,concordant,0
bracket,100000,32458026&32515510,32457237&32516301,,,,1709,1707,0,dropped_cnv,1
bracket,100000,143812342&143936340,143862589&143886095,,,,659,659,1,concordant,0
bracket,100000,98990488&99004846,98917008&99078328,,,,508,508,1,concordant,0
bracket,100000,102599527&102711635,102568167&102742997,,,,3625,3624,0,dropped_cnv,1
bracket,100000,119056359&119136415,119042764&119150012,,,,2077,2077,1,concordant,0
bracket,100000,153725163&153823357,153735252&153813270,,,,2573,2570,0,dropped_cnv,1
bracket,100000,43261268&43451516,43256906&43455880,,,,7180,7175,0,dropped_cnv,1
bracket,100000,238968395&239130869,239043913&239055353,,,,435,435,1,concordant,0
bracket,100000,179987823&180004825,179984228&180008422,,,,441,441,1,concordant,0
bracket,100000,107843270&107983168,107854298&107972142,,,,3665,3661,0,dropped_cnv,1
bracket,100000,217977464&218075140,217973792&218078814,,,,2853,2851,0,dropped_cnv,1
bracket,100000,188596036&188617330,188580752&188632616,,,,569,569,1,concordant,0
bracket,100000,125985985&126169137,126032739&126122387,,,,2781,2779,0,dropped_cnv,1
bracket,100000,205657914&205770702,205617201&205811417,,,,3211,3210,0,dropped_cnv,1
bracket,100000,164394086&164509822,164430212&164473698,,,,1227,1224,0,dropped_cnv,1
bracket,100000,242775590&242960634,242860709&242875517,,,,435,434,0,dropped_cnv,1
bracket,100000,120137095&120326893,120221773&120242217,,,,668,668,1,concordant,0
bracket,100000,229217380&229360236,229264885&229312733,,,,1357,1354,0,dropped_cnv,1
bracket,100000,97248037&97436777,97300789&97384027,,,,2092,2090,0,dropped_cnv,1
bracket,100000,238294486&238403504,238258332&238439660,,,,3465,3462,0,dropped_cnv,1
bracket,100000,38310692&38488486,38398510&38400670,,,,84,84,1,concordant,0
bracket,100000,58010583&58014723,58002212&58023096,,,,126,126,1,concordant,0
bracket,100000,96484827&96606191,96515145&96575875,,,,1294,1293,0,dropped_cnv,1
bracket,100000,219688150&219869916,219727737&219830355,,,,2463,2462,0,dropped_cnv,1
bracket,100000,98295248&98439826,98294998&98440078,,,,3928,3928,1,concordant,0
bracket,100000,233053423&233197209,233056750&233193884,,,,3753,3753,1,concordant,0
bracket,100000,67191699&67281683,67163558&67309826,,,,2625,2621,0,dropped_cnv,1
bracket,100000,198011322&198065560,198003262&198073622,,,,1419,1417,0,dropped_cnv,1
bracket,100000,57922753&57926981,57848306&58001430,,,,153,153,1,concordant,0
bracket,100000,105715782&105824176,105706553&105833407,,,,3383,3382,0,dropped_cnv,1
bracket,100000,182550612&182694186,182596058&182648742,,,,1581,1580,0,dropped_cnv,1
bracket,100000,7249637&7276869,7237050&7289458,,,,839,838,0,dropped_cnv,1
bracket,100000,183477555&183494957,183480519&183491995,,,,314,314,1,concordant,0
bracket,100000,199808493&199826707,199732807&199902395,,,,492,492,1,concordant,0
bracket,100000,138944610&138969306,138888822&139025096,,,,693,693,1,concordant,0
bracket,100000,177019511&177060981,177006323&177074189,,,,1022,1022,1,concordant,0
bracket,100000,230186636&230224310,230174772&230236176,,,,1272,1272,1,concordant,0
bracket,100000,233656637&233703511,233647902&233712248,,,,1249,1249,1,concordant,0
bracket,100000,187597652&187680742,187551032&187727364,,,,2290,2287,0,dropped_cnv,1
bracket,100000,148503202&148505798,148466936&148542066,,,,87,87,1,concordant,0
bracket,100000,114084035&114118425,114064401&114138061,,,,981,980,0,dropped_cnv,1
bracket,100000,235303631&235446741,235299097&235451277,,,,4774,4772,0,dropped_cnv,1
bracket,100000,20825989&21007139,20860412&20972718,,,,3349,3346,0,dropped_cnv,1
bracket,1000000,10458013&11718915,10160258&12016672,,,,40750,40727,0,dropped_cnv,1
bracket,1000000,173690678&173798960,173228767&174260873,,,,2919,2918,0,dropped_cnv,1
bracket,1000000,1756501&1929685,1059204&2626984,,,,5981,5981,1,concordant,0
bracket,1000000,44830635&45571967,44856069&45546535,,,,22918,22902,0,dropped_cnv,1
bracket,1000000,242137869&243196427,241903880&243430418,,,,31727,31686,0,dropped_cnv,1
bracket,1000000,62520945&63020545,61937629&63603863,,,,14448,14439,0,dropped_cnv,1
bracket,1000000,28119500&28936066,28055288&29000280,,,,22906,22893,0,dropped_cnv,1
bracket,1000000,155391580&155893290,154965398&156319474,,,,13828,13816,0,dropped_cnv,1
bracket,1000000,164210678&165820168,164890016&165140832,,,,7230,7225,0,dropped_cnv,1
bracket,1000000,1299226&1733252,1498317&1534163,,,,1337,1337,1,concordant,0
bracket,1000000,39987171&41190345,39726629&41450889,,,,43996,43967,0,dropped_cnv,1
bracket,1000000,227143933&227331555,226910209&227565281,,,,5336,5335,0,dropped_cnv,1
bracket,1000000,194723443&195275315,194024540&195974220,,,,15635,15624,0,dropped_cnv,1
bracket,1000000,59404397&60558651,59321426&60641624,,,,36853,36832,0,dropped_cnv,1
bracket,1000000,81006528&81854944,80684020&82177454,,,,26250,26232,0,dropped_cnv,1
bracket,1000000,137258860&138324366,137368645&138214583,,,,25919,25903,0,dropped_cnv,1
bracket,1000000,46996587&48837393,47755993&48077989,,,,11318,11310,0,dropped_cnv,1
bracket,1000000,95805667&97125953,95737121&97194501,,,,28974,28956,0,dropped_cnv,1
bracket,1000000,141789872&142087832,141364419&142513287,,,,9927,9919,0,dropped_cnv,1
bracket,1000000,127172235&128662211,127597697&128236751,,,,19577,19559,0,dropped_cnv,1
bracket,1000000,167732294&167971550,167028814&168675032,,,,7275,7264,0,dropped_cnv,1
bracket,1000000,109459793&111315517,109927985&110847327,,,,14610,14602,0,dropped_cnv,1
bracket,1000000,231120740&231782960,231222826&231680876,,,,14553,14540,0,dropped_cnv,1
bracket,1000000,67096807&68541727,67683246&67955290,,,,9236,9228,0,dropped_cnv,1
bracket,1000000,50137425&51206937,50635384&50708980,,,,2626,2626,1,concordant,0
bracket,1000000,4141156&5350608,4356866&5134900,,,,21682,21667,0,dropped_cnv,1
bracket,1000000,222367281&223018941,221882300&223503932,,,,18650,18637,0,dropped_cnv,1
bracket,1000000,154165692&155752756,154113562&155804888,,,,45051,45011,0,dropped_cnv,1
bracket,1000000,88223210&88712516,87698337&89237391,,,,13044,13038,0,dropped_cnv,1
bracket,1000000,237908922&239782452,238585074&239106302,,,,16689,16681,0,dropped_cnv,1
bracket,1000000,216333386&217086440,216228584&217191244,,,,21541,21527,0,dropped_cnv,1
bracket,1000000,15310087&16138903,15174259&16274733,,,,25363,25350,0,dropped_cnv,1
bracket,1000000,142071435&142494203,142154552&142411088,,,,8251,8243,0,dropped_cnv,1
bracket,1000000,173423001&174692333,173379518&174735818,,,,36309,36287,0,dropped_cnv,1
bracket,1000000,213697749&215057683,214258572&214496862,,,,6390,6382,0,dropped_cnv,1
bracket,1000000,105572606&105595818,104633471&106534955,,,,666,666,1,concordant,0
bracket,1000000,103160838&104512710,103422745&104250805,,,,24215,24202,0,dropped_cnv,1
bracket,1000000,87593259&88449389,87254060&88788590,,,,13410,13403,0,dropped_cnv,1
bracket,1000000,34944109&36558181,35203496&36298796,,,,37946,37912,0,dropped_cnv,1
bracket,1000000,8137701&9902777,8887840&9152640,,,,6989,6987,0,dropped_cnv,1
bracket,1000000,60415929&60545189,60245899&60715221,,,,4180,4179,0,dropped_cnv,1
bracket,1000000,109709987&110109361,109268097&110551253,,,,13036,13031,0,dropped_cnv,1
bracket,1000000,31750577&33485513,32267642&32968450,,,,21155,21130,0,dropped_cnv,1
bracket,1000000,113954587&114633825,113744036&114844380,,,,16824,16805,0,dropped_cnv,1
bracket,1000000,161632156&163508016,161909060&163231114,,,,34423,34394,0,dropped_cnv,1
bracket,1000000,72499942&73371516,72925635&72945825,,,,430,429,0,dropped_cnv,1
bracket,1000000,63164145&63374441,62569654&63968934,,,,4894,4892,0,dropped_cnv,1
bracket,1000000,56226863&56999899,56023170&57203594,,,,27066,27037,0,dropped_cnv,1
bracket,1000000,167454650&168689574,167360631&168783595,,,,37786,37747,0,dropped_cnv,1
bracket,1000000,11418159&12061635,11515211&11964585,,,,14635,14630,0,dropped_cnv,1
bracket,1000000,60507186&61314724,60034016&61787896,,,,23883,23874,0,dropped_cnv,1
bracket,1000000,171530873&172707139,171886637&172351377,,,,12461,12456,0,dropped_cnv,1
bracket,1000000,96330521&97258583,96340032&97249074,,,,21055,21039,0,dropped_cnv,1
bracket,1000000,27210083&27587497,26598388&28199194,,,,10583,10578,0,dropped_cnv,1
bracket,1000000,17567721&18872719,18068680&18371762,,,,9569,9561,0,dropped_cnv,1
bracket,1000000,230640929&231299193,230451734&231488390,,,,18671,18653,0,dropped_cnv,1
bracket,1000000,140692231&142640881,141501104&141832010,,,,10572,10564,0,dropped_cnv,1
bracket,1000000,101600583&103356373,102387194&102569764,,,,5003,5001,0,dropped_cnv,1
bracket,1000000,40130055&40985247,40223552&40891752,,,,24434,24413,0,dropped_cnv,1
bracket,1000000,83758967&84110819,83386811&84482979,,,,9624,9616,0,dropped_cnv,1
bracket,1000000,160031574&160163430,160018047&160176959,,,,3905,3902,0,dropped_cnv,1
bracket,1000000,196443442&197165972,196065356&197544060,,,,20600,20588,0,dropped_cnv,1
bracket,1000000,8383036&10250834,9032062&9601810,,,,16653,16642,0,dropped_cnv,1
bracket,1000000,67255959&67575483,67071889&67759555,,,,9686,9676,0,dropped_cnv,1
bracket,1000000,33800739&35668011,33801463&35667289,,,,68939,68878,0,dropped_cnv,1
bracket,1000000,222085898&222630684,221993800&222722784,,,,16195,16188,0,dropped_cnv,1
bracket,1000000,96748210&98577766,96907353&98418625,,,,33738,33706,0,dropped_cnv,1
bracket,1000000,172431871&174006511,173034607&173403777,,,,11210,11201,0,dropped_cnv,1
bracket,1000000,45124625&45697199,44986026&45835800,,,,19751,19738,0,dropped_cnv,1
bracket,1000000,205075632&206902060,205198824&206778870,,,,46047,46015,0,dropped_cnv,1
bracket,1000000,115745822&116983730,115516660&117212894,,,,36725,36705,0,dropped_cnv,1
bracket,1000000,125526477&126617255,126058092&126085642,,,,817,817,1,concordant,0
bracket,1000000,226881513&228209267,226578610&228512172,,,,38808,38783,0,dropped_cnv,1
bracket,1000000,9942110&11489476,10681081&10750507,,,,2367,2363,0,dropped_cnv,1
bracket,1000000,147522292&149040112,147902608&148659798,,,,20446,20429,0,dropped_cnv,1
bracket,1000000,89244181&89554915,88669234&90129864,,,,9169,9165,0,dropped_cnv,1
bracket,1000000,216703100&217760534,216316236&218147400,,,,30837,30823,0,dropped_cnv,1
bracket,1000000,117498095&118430853,117882149&118046801,,,,5489,5483,0,dropped_cnv,1
bracket,1000000,225414968&225776942,225204414&225987498,,,,9941,9930,0,dropped_cnv,1
bracket,1000000,75330848&75771736,75095797&76006789,,,,13954,13947,0,dropped_cnv,1
bracket,1000000,199493443&200539447,199034507&200998385,,,,27469,27451,0,dropped_cnv,1
bracket,1000000,200654947&200756653,200544995&200866607,,,,2390,2389,0,dropped_cnv,1
bracket,1000000,17697016&18215056,17215977&18696097,,,,14545,14537,0,dropped_cnv,1
bracket,1000000,193821378&195224458,194215085&194830753,,,,16581,16565,0,dropped_cnv,1
bracket,1000000,40270825&40289681,39881196&40679312,,,,757,757,1,concordant,0
bracket,1000000,149718390&151175238,149755385&151138245,,,,38306,38275,0,dropped_cnv,1
bracket,1000000,42876542&43092540,42719700&43249384,,,,7120,7116,0,dropped_cnv,1
bracket,1000000,31493257&33204671,31452497&33245433,,,,51424,51373,0,dropped_cnv,1
bracket,1000000,73036551&73268739,72550883&73754409,,,,5951,5944,0,dropped_cnv,1
bracket,1000000,52696700&53803576,53012404&53487876,,,,17733,17713,0,dropped_cnv,1
bracket,1000000,142794532&144109328,143019622&143884240,,,,24688,24671,0,dropped_cnv,1
bracket,1000000,14527857&15591207,14853687&15265379,,,,12952,12942,0,dropped_cnv,1
bracket,1000000,207711063&208461089,207368285&208803869,,,,20201,20187,0,dropped_cnv,1
bracket,1000000,210677316&212535458,211247249&211965527,,,,21563,21553,0,dropped_cnv,1
bracket,1000000,235419441&235654613,234942151&236131905,,,,7688,7683,0,dropped_cnv,1
bracket,1000000,184575075&184920487,184559615&184935949,,,,10637,10625,0,dropped_cnv,1
bracket,1000000,5330799&7289291,6284067&6336025,,,,1954,1951,0,dropped_cnv,1
bracket,1000000,146402356&146720822,145689670&147433510,,,,9596,9592,0,dropped_cnv,1
bracket,1000000,132636885&132954789,132126466&133465210,,,,9154,9149,0,dropped_cnv,1
bracket,1000000,136681448&137926718,136624308&137983860,,,,37288,37261,0,dropped_cnv,1
bracket,1000000,173759310&174565472,173706466&174618318,,,,23138,23125,0,dropped_cnv,1
bracket,1000000,231172845&231545669,230824409&231894107,,,,11996,11988,0,dropped_cnv,1
bracket,1000000,71344757&71546217,70770830&72120146,,,,5766,5762,0,dropped_cnv,1
bracket,1000000,133847474&134424598,133187491&135084583,,,,16750,16735,0,dropped_cnv,1
bracket,1000000,13590382&14373296,13727861&14235819,,,,15842,15824,0,dropped_cnv,1
bracket,1000000,89920457&90140985,89122001&90939443,,,,6222,6209,0,dropped_cnv,1
bracket,1000000,30265639&30641495,30210134&30697002,,,,11762,11757,0,dropped_cnv,1
bracket,1000000,200870163&202526153,200958635&202437683,,,,38855,38831,0,dropped_cnv,1
bracket,1000000,157320894&158436092,157229958&158527030,,,,28842,28819,0,dropped_cnv,1
bracket,1000000,112134314&112204292,112056362&112282246,,,,1304,1302,0,dropped_cnv,1
bracket,1000000,202022957&203356021,201695077&203683903,,,,35363,35341,0,dropped_cnv,1
bracket,1000000,141031077&141215159,140425833&141820405,,,,5633,5630,0,dropped_cnv,1
bracket,1000000,161772768&163649262,162609477&162812555,,,,5555,5547,0,dropped_cnv,1
bracket,1000000,68812371&69683305,68253223&70242455,,,,25906,25894,0,dropped_cnv,1
bracket,1000000,16664574&18064738,16987073&17742241,,,,20964,20952,0,dropped_cnv,1
bracket,1000000,91672336&92014634,91648012&92038960,,,,4584,4582,0,dropped_cnv,1
bracket,1000000,8258566&8794418,7905877&9147109,,,,17664,17654,0,dropped_cnv,1
bracket,1000000,122626250&124142910,122995416&123773746,,,,23636,23622,0,dropped_cnv,1
bracket,1000000,166758550&168398520,167567351&167589721,,,,807,807,1,concordant,0
bracket,1000000,186213192&188170276,186273469&188110001,,,,50084,50045,0,dropped_cnv,1
bracket,1000000,808922&2333370,886606&2255688,,,,46855,46832,0,dropped_cnv,1
bracket,1000000,102182146&102849292,102162952&102868488,,,,19904,19893,0,dropped_cnv,1
bracket,1000000,76810062&78150800,76762043&78198821,,,,47313,47280,0,dropped_cnv,1
bracket,1000000,125872717&126446951,125484133&126835537,,,,17516,17497,0,dropped_cnv,1
bracket,1000000,231621423&232071077,231690947&232001555,,,,9485,9479,0,dropped_cnv,1
bracket,1000000,105323556&105733252,105226336&105830474,,,,11440,11435,0,dropped_cnv,1
bracket,1000000,208738810&209456598,209094675&209100735,,,,186,185,0,dropped_cnv,1
bracket,1000000,59240137&59586997,58629033&60198103,,,,11161,11150,0,dropped_cnv,1
bracket,1000000,224799365&225466989,224627411&225638945,,,,19666,19650,0,dropped_cnv,1
bracket,1000000,240227933&241870949,241041855&241057029,,,,533,533,1,concordant,0
bracket,1000000,175790963&176041757,175773304&176059418,,,,6705,6703,0,dropped_cnv,1
bracket,1000000,196810210&198044976,196787105&198068083,,,,33374,33347,0,dropped_cnv,1
bracket,1000000,130448502&131088458,130260797&131276165,,,,20190,20171,0,dropped_cnv,1
bracket,1000000,156885744&157841740,156789511&157937975,,,,23848,23837,0,dropped_cnv,1
bracket,1000000,234455086&234484700,234280497&234659291,,,,839,839,1,concordant,0
bracket,1000000,158477565&159178929,158008515&159647981,,,,20054,20042,0,dropped_cnv,1
bracket,1000000,13721544&14319672,13821359&14219859,,,,12343,12329,0,dropped_cnv,1
bracket,1000000,127215822&128995716,127741490&128470050,,,,22403,22387,0,dropped_cnv,1
bracket,1000000,52136866&52900520,52209038&52828350,,,,22406,22394,0,dropped_cnv,1
bracket,1000000,17661214&19075716,18227866&18509066,,,,9362,9353,0,dropped_cnv,1
bracket,1000000,25408505&26634063,25683628&26358942,,,,18435,18419,0,dropped_cnv,1
bracket,1000000,211163972&212375258,211415464&212123768,,,,22199,22187,0,dropped_cnv,1
bracket,1000000,7498792&8368166,7451805&8415155,,,,27770,27758,0,dropped_cnv,1
bracket,1000000,218114287&219059037,218168167&219005159,,,,25159,25142,0,dropped_cnv,1
bracket,1000000,8769675&9734461,8877522&9626616,,,,21442,21430,0,dropped_cnv,1
bracket,1000000,222443429&222460731,222012275&222891887,,,,498,498,1,concordant,0
bracket,1000000,159899245&159968665,159329429&160538483,,,,2000,1997,0,dropped_cnv,1
bracket,1000000,202356449&204164461,203232232&203288680,,,,1510,1510,1,concordant,0
bracket,1000000,209285990&209881162,209349933&209817221,,,,15345,15328,0,dropped_cnv,1
bracket,1000000,190047312&190202642,189874087&190375869,,,,4220,4214,0,dropped_cnv,1
bracket,1000000,39599991&39677861,39553608&39724246,,,,2426,2426,1,concordant,0
bracket,1000000,178629144&179964796,178795602&179798340,,,,26639,26621,0,dropped_cnv,1
bracket,1000000,126870798&127177890,126028470&128020220,,,,8913,8905,0,dropped_cnv,1
bracket,1000000,96157267&96547719,95357594&97347394,,,,7493,7485,0,dropped_cnv,1
bracket,1000000,48818454&50512166,49392035&49938587,,,,20300,20273,0,dropped_cnv,1
bracket,1000000,166371018&166616974,166086344&166901650,,,,6408,6406,0,dropped_cnv,1
bracket,1000000,14352120&15725434,14224751&15852805,,,,41881,41844,0,dropped_cnv,1
bracket,1000000,31900878&32758782,31887124&32772538,,,,25403,25376,0,dropped_cnv,1
bracket,1000000,226554950&227405224,226418712&227541464,,,,24372,24354,0,dropped_cnv,1
bracket,1000000,192359450&192432308,191623426&193168334,,,,2207,2207,1,concordant,0
bracket,1000000,162286048&163003882,161872865&163417067,,,,19450,19431,0,dropped_cnv,1
bracket,1000000,22762704&24302308,23157841&23907173,,,,23737,23728,0,dropped_cnv,1
bracket,1000000,129453029&130079909,129322484&130210456,,,,19506,19482,0,dropped_cnv,1
bracket,1000000,236863401&236998581,236572520&237289464,,,,4779,4777,0,dropped_cnv,1
bracket,1000000,240248211&240719255,239602805&241364663,,,,17104,17101,0,dropped_cnv,1
bracket,1000000,222141044&222429386,221923174&222647258,,,,8820,8816,0,dropped_cnv,1
bracket,1000000,8562873&8693059,8425150&8830784,,,,4292,4288,0,dropped_cnv,1
bracket,1000000,98229557&98353299,97432211&99150647,,,,3184,3182,0,dropped_cnv,1
bracket,1000000,149311277&151084429,149411339&150984369,,,,41554,41525,0,dropped_cnv,1
bracket,1000000,55258078&55913162,55145493&56025749,,,,20530,20522,0,dropped_cnv,1
bracket,1000000,106995637&108776943,107129142&108643440,,,,45569,45536,0,dropped_cnv,1
bracket,1000000,171919725&172781937,172343223&172358441,,,,413,413,1,concordant,0
bracket,1000000,219319280&219795820,218558630&220556472,,,,12167,12157,0,dropped_cnv,1
bracket,1000000,109474206&111180124,109414215&111240117,,,,33162,33141,0,dropped_cnv,1
bracket,1000000,171677044&172729444,171950113&172456377,,,,13872,13868,0,dropped_cnv,1
bracket,1000000,65744907&66489123,65122568&67111464,,,,22726,22714,0,dropped_cnv,1
bracket,1000000,130451341&130839175,129666838&131623680,,,,12694,12685,0,dropped_cnv,1
bracket,1000000,114371830&115184096,113899384&115656544,,,,23182,23165,0,dropped_cnv,1
bracket,1000000,30979652&31791316,30690006&32080964,,,,26399,26384,0,dropped_cnv,1
bracket,1000000,223129822&224476506,223034657&224571673,,,,39710,39686,0,dropped_cnv,1
bracket,1000000,55019453&55020283,54258594&55781144,,,,40,40,1,concordant,0
bracket,1000000,171868307&173138845,171797032&173210122,,,,34457,34440,0,dropped_cnv,1
bracket,1000000,42872266&44729390,43366434&44235224,,,,29757,29737,0,dropped_cnv,1
bracket,1000000,76626148&77166730,76001187&77791693,,,,19579,19558,0,dropped_cnv,1
bracket,1000000,15155615&16161821,15282137&16035301,,,,23059,23043,0,dropped_cnv,1
bracket,1000000,143313943&143514797,143285225&143543517,,,,5891,5888,0,dropped_cnv,1
bracket,1000000,25481490&26033202,25575085&25939609,,,,9619,9612,0,dropped_cnv,1
bracket,1000000,220951870&221747654,221134831&221564695,,,,13437,13427,0,dropped_cnv,1
bracket,1000000,129050485&129210059,128914664&129345882,,,,5056,5053,0,dropped_cnv,1
bracket,1000000,232512460&234184114,232426953&234269623,,,,50484,50445,0,dropped_cnv,1
bracket,1000000,154920777&156195507,155175221&155941065,,,,21721,21698,0,dropped_cnv,1
bracket,1000000,88900936&89426918,88465980&89861876,,,,17093,17083,0,dropped_cnv,1
bracket,1000000,23779543&25386339,23595176&25570708,,,,44279,44248,0,dropped_cnv,1
bracket,1000000,76148864&76844484,75948851&77044499,,,,22565,22549,0,dropped_cnv,1
bracket,1000000,219094540&220804256,219254074&220644724,,,,38766,38741,0,dropped_cnv,1
bracket,1000000,4573133&4825183,4438584&4959734,,,,7773,7768,0,dropped_cnv,1
bracket,1000000,119262951&120558429,119326648&120494734,,,,35295,35279,0,dropped_cnv,1
bracket,1000000,159696264&161195198,160370044&160521420,,,,3849,3843,0,dropped_cnv,1
bracket,1000000,164602417&166012101,165085712&165528808,,,,11830,11824,0,dropped_cnv,1
bracket,1000000,170498698&171581790,170433821&171646669,,,,31764,31753,0,dropped_cnv,1
bracket,2500000,197111353&200626391,198401176&199336570,,,,24503,24484,0,dropped_cnv,1
bracket,2500000,184242483&186193127,184496207&185939405,,,,41869,41830,0,dropped_cnv,1
bracket,2500000,155799433&158647471,157158571&157288335,,,,3122,3122,1,concordant,0
bracket,2500000,42939613&47143273,44192810&45890078,,,,57545,57499,0,dropped_cnv,1
bracket,2500000,224761340&229123840,225996669&227888513,,,,54126,54086,0,dropped_cnv,1
bracket,2500000,138011640&139733332,138823435&138921539,,,,2723,2723,1,concordant,0
bracket,2500000,56170145&57540827,55780940&57930034,,,,48462,48411,0,dropped_cnv,1
bracket,2500000,145713811&148221849,144550120&149385542,,,,68443,68413,0,dropped_cnv,1
bracket,2500000,124672485&129363731,126900991&127135227,,,,6889,6881,0,dropped_cnv,1
bracket,2500000,206559922&210488886,207804372&209244438,,,,40185,40148,0,dropped_cnv,1
bracket,2500000,61731210&64042224,60597802&65175634,,,,62116,62071,0,dropped_cnv,1
bracket,2500000,227688870&228816166,227094047&229410991,,,,34524,34500,0,dropped_cnv,1
bracket,2500000,57099254&58752588,56652010&59199834,,,,53439,53386,0,dropped_cnv,1
bracket,2500000,104037289&106929633,104939414&106027510,,,,32317,32305,0,dropped_cnv,1
bracket,2500000,126398981&130532955,126185261&130746677,,,,129009,128902,0,dropped_cnv,1
bracket,2500000,0&2650272,34727&1687113,,,,55502,55461,0,dropped_cnv,1
bracket,2500000,10807130&13051832,9623209&14235755,,,,70311,70285,0,dropped_cnv,1
bracket,2500000,33802949&34847083,33790427&34859607,,,,39088,39049,0,dropped_cnv,1
bracket,2500000,6071946&6380418,5336684&7115682,,,,10796,10792,0,dropped_cnv,1
bracket,2500000,78565169&81376675,79596035&80345811,,,,23460,23449,0,dropped_cnv,1
bracket,2500000,64103458&66034674,64569188&65568946,,,,29632,29614,0,dropped_cnv,1
bracket,2500000,115705919&118130537,116159728&117676730,,,,46251,46209,0,dropped_cnv,1
bracket,2500000,233706981&238405849,235324229&236788603,,,,49557,49532,0,dropped_cnv,1
bracket,2500000,161173947&162544797,161013460&162705286,,,,36149,36121,0,dropped_cnv,1
bracket,2500000,107761711&108438365,107097495&109102583,,,,20531,20509,0,dropped_cnv,1
bracket,2500000,200940047&204750165,202649967&203040247,,,,10533,10528,0,dropped_cnv,1
bracket,2500000,82370144&85732326,83024039&85078433,,,,58790,58751,0,dropped_cnv,1
bracket,2500000,233044598&235712780,234332025&234425355,,,,3198,3197,0,dropped_cnv,1
bracket,2500000,116617851&120825475,116295196&121148132,,,,126734,126648,0,dropped_cnv,1
bracket,2500000,191655196&193508024,191138327&194024895,,,,51791,51767,0,dropped_cnv,1
bracket,2500000,174320609&178801543,175334325&177787829,,,,68345,68301,0,dropped_cnv,1
bracket,2500000,233661547&237890645,235246713&236305481,,,,35386,35368,0,dropped_cnv,1
bracket,2500000,83122451&83421269,83215976&83327746,,,,3115,3112,0,dropped_cnv,1
bracket,2500000,142390765&146424051,142225192&146589626,,,,110388,110318,0,dropped_cnv,1
bracket,2500000,231186879&234216689,232164034&233239536,,,,32249,32226,0,dropped_cnv,1
bracket,2500000,147122272&148775498,147554968&148342804,,,,20919,20908,0,dropped_cnv,1
bracket,2500000,47560677&49010935,47292862&49278752,,,,49290,49262,0,dropped_cnv,1
bracket,2500000,51336061&54986241,52011584&54310720,,,,82302,82247,0,dropped_cnv,1
bracket,2500000,11975611&14010185,10616574&15369224,,,,62484,62450,0,dropped_cnv,1
bracket,2500000,119981655&122971725,120055751&122897631,,,,84170,84113,0,dropped_cnv,1
bracket,2500000,172161013&173695321,171463294&174393044,,,,43257,43231,0,dropped_cnv,1
bracket,2500000,181372467&183580391,181562717&183390143,,,,51124,51089,0,dropped_cnv,1
bracket,2500000,125688247&129791425,126822494&128657180,,,,56696,56655,0,dropped_cnv,1
bracket,2500000,180581815&184121943,181942945&182760815,,,,22835,22821,0,dropped_cnv,1
bracket,2500000,80610332&83229086,81696790&82142630,,,,13480,13471,0,dropped_cnv,1
bracket,2500000,149078187&153541029,150542269&152076949,,,,43686,43648,0,dropped_cnv,1
bracket,2500000,191610334&193540514,191859600&193291250,,,,39848,39827,0,dropped_cnv,1
bracket,2500000,128114529&129984229,128887193&129211567,,,,10133,10127,0,dropped_cnv,1
bracket,2500000,21411865&23523913,20646973&24288807,,,,63702,63657,0,dropped_cnv,1
bracket,2500000,219983787&220158665,220047214&220095240,,,,1462,1460,0,dropped_cnv,1
bracket,2500000,201646699&201930885,200984155&202593431,,,,7502,7496,0,dropped_cnv,1
bracket,2500000,191589279&192731339,191852170&192468450,,,,17474,17468,0,dropped_cnv,1
bracket,2500000,208469246&208503914,206734812&210238350,,,,899,896,0,dropped_cnv,1
bracket,2500000,5233284&6096050,4488579&6840757,,,,29371,29354,0,dropped_cnv,1
bracket,2500000,194407480&197496926,193879656&198024758,,,,87575,87494,0,dropped_cnv,1
bracket,2500000,880257&5048779,2518657&3410381,,,,31545,31535,0,dropped_cnv,1
bracket,2500000,241408751&242586191,241671595&242323349,,,,22000,21982,0,dropped_cnv,1
bracket,2500000,151371952&153384182,151141453&153614683,,,,56127,56083,0,dropped_cnv,1
bracket,2500000,48576026&52865444,50496191&50945281,,,,15300,15289,0,dropped_cnv,1
bracket,2500000,123285736&126624208,124117473&125792473,,,,52660,52628,0,dropped_cnv,1
bracket,2500000,129406915&130081175,127818516&131669576,,,,21209,21184,0,dropped_cnv,1
bracket,2500000,171785625&173845383,172479434&173151576,,,,17906,17897,0,dropped_cnv,1
bracket,2500000,20552461&25377899,22836158&23094204,,,,7684,7680,0,dropped_cnv,1
bracket,2500000,14221630&14634996,12143745&16712883,,,,13297,13281,0,dropped_cnv,1
bracket,2500000,21147379&22634597,19805090&23976888,,,,43701,43666,0,dropped_cnv,1
bracket,2500000,149989040&149994840,149340350&150643532,,,,165,165,1,concordant,0
bracket,2500000,75056582&78734942,75472467&78319059,,,,95624,95558,0,dropped_cnv,1
bracket,2500000,234117511&237246723,235549587&235814649,,,,8469,8461,0,dropped_cnv,1
bracket,2500000,156701426&157759238,155890786&158569880,,,,26285,26272,0,dropped_cnv,1
bracket,2500000,145613065&148395293,145327907&148680453,,,,75966,75930,0,dropped_cnv,1
bracket,2500000,216079892&219266880,216259316&219087462,,,,83870,83814,0,dropped_cnv,1
bracket,2500000,126345224&129620750,127280092&128685884,,,,43981,43949,0,dropped_cnv,1
bracket,2500000,208943693&211709137,209219479&211433353,,,,63145,63106,0,dropped_cnv,1
bracket,2500000,12130104&12838690,11346051&13622745,,,,21506,21504,0,dropped_cnv,1
bracket,2500000,77553287&78595327,75616419&80532197,,,,33530,33507,0,dropped_cnv,1
bracket,2500000,5010070&6519452,5124037&6405487,,,,43873,43848,0,dropped_cnv,1
bracket,2500000,114215485&116516615,113692141&117039961,,,,64852,64806,0,dropped_cnv,1
bracket,2500000,163916334&168558312,165056489&167418159,,,,63130,63099,0,dropped_cnv,1
bracket,2500000,40836293&42281343,41287519&41830119,,,,20440,20432,0,dropped_cnv,1
bracket,2500000,118433807&121576047,118809882&121199974,,,,68663,68634,0,dropped_cnv,1
bracket,2500000,137028141&137693189,135556876&139164456,,,,20543,20528,0,dropped_cnv,1
bracket,2500000,75149306&79073348,75901803&78320853,,,,81907,81847,0,dropped_cnv,1
bracket,2500000,11649683&15529125,11409283&15769527,,,,120161,120077,0,dropped_cnv,1
bracket,2500000,230104251&231299619,228505176&232898696,,,,35109,35082,0,dropped_cnv,1
bracket,2500000,159625917&164568009,159695781&164498147,,,,132418,132309,0,dropped_cnv,1
bracket,2500000,205196940&207610516,204924671&207882787,,,,69006,68962,0,dropped_cnv,1
bracket,2500000,235466734&238551976,236142564&237876148,,,,58586,58558,0,dropped_cnv,1
bracket,2500000,147141303&148770271,147805271&148106305,,,,8133,8130,0,dropped_cnv,1
bracket,2500000,239025079&241335335,240172423&240187993,,,,533,533,1,concordant,0
bracket,2500000,166284948&167324190,164746543&168862597,,,,28087,28077,0,dropped_cnv,1
bracket,2500000,64127216&65057904,62878522&66306600,,,,26802,26785,0,dropped_cnv,1
bracket,2500000,42731081&45632405,43369824&44993664,,,,55338,55291,0,dropped_cnv,1
bracket,2500000,129834868&134385422,130722538&133497754,,,,80633,80568,0,dropped_cnv,1
bracket,2500000,72616062&76935186,73708175&75843075,,,,62669,62632,0,dropped_cnv,1
bracket,2500000,11890383&12222981,11300062&12813304,,,,10756,10750,0,dropped_cnv,1
bracket,2500000,133216377&134755589,132345386&135626582,,,,45608,45572,0,dropped_cnv,1
bracket,2500000,93739573&97017333,94072653&96684255,,,,32352,32324,0,dropped_cnv,1
bracket,2500000,239233147&242178539,238964972&242446716,,,,100887,100827,0,dropped_cnv,1
bracket,2500000,88418104&89467246,88110217&89775135,,,,32122,32101,0,dropped_cnv,1
bracket,2500000,0&723139,0&1944923,,,,22967,22944,0,dropped_cnv,1
bracket,2500000,186456947&190837023,186814451&190479521,,,,100788,100703,0,dropped_cnv,1
bracket,2500000,45255471&46650363,45864355&46041481,,,,5945,5940,0,dropped_cnv,1
bracket,2500000,43771635&48287639,45287221&46772055,,,,51401,51366,0,dropped_cnv,1
bracket,2500000,44757618&46477086,44692221&46542485,,,,57690,57655,0,dropped_cnv,1
bracket,2500000,239319283&243876149,240963565&242231869,,,,44048,44017,0,dropped_cnv,1
bracket,2500000,14453123&15119963,12374651&17198437,,,,20592,20571,0,dropped_cnv,1
bracket,2500000,222935075&227781003,223818206&226897874,,,,89619,89547,0,dropped_cnv,1
bracket,2500000,80058997&84737575,80715245&84081329,,,,100827,100755,0,dropped_cnv,1
bracket,2500000,62007400&62974234,61647368&63334268,,,,27969,27946,0,dropped_cnv,1
bracket,2500000,73363247&77811835,74372892&76802200,,,,73700,73658,0,dropped_cnv,1
bracket,2500000,31795470&34137656,32767542&33165586,,,,11958,11941,0,dropped_cnv,1
bracket,2500000,40413979&42827761,41495583&41746159,,,,9488,9484,0,dropped_cnv,1
bracket,2500000,78899693&79176801,78750831&79325665,,,,8736,8729,0,dropped_cnv,1
bracket,2500000,155464378&157661124,154379865&158745639,,,,57674,57633,0,dropped_cnv,1
bracket,2500000,132206090&133250108,130725472&134730728,,,,32648,32622,0,dropped_cnv,1
bracket,2500000,224661983&228441139,225939630&227163494,,,,34908,34882,0,dropped_cnv,1
bracket,2500000,133813025&137076689,133187538&137702178,,,,91543,91476,0,dropped_cnv,1
bracket,2500000,194548523&194716375,193008114&196256786,,,,4558,4551,0,dropped_cnv,1
bracket,2500000,60288401&62209651,60903323&61594731,,,,20431,20422,0,dropped_cnv,1
bracket,2500000,169046465&173818195,171408337&171456325,,,,1607,1607,1,concordant,0
bracket,2500000,189447438&192088846,189082518&192453768,,,,71353,71311,0,dropped_cnv,1
bracket,2500000,192203895&196916105,192746780&196373222,,,,100593,100504,0,dropped_cnv,1
bracket,2500000,106082062&106237676,105744402&106575338,,,,5370,5367,0,dropped_cnv,1
bracket,2500000,138900129&140389513,138638929&140650715,,,,43831,43804,0,dropped_cnv,1
bracket,2500000,23131130&28089922,25188402&26032652,,,,22507,22490,0,dropped_cnv,1
bracket,2500000,40263403&45237293,41096202&44404496,,,,118415,118336,0,dropped_cnv,1
bracket,2500000,80956436&81632494,79779651&82809281,,,,21244,21228,0,dropped_cnv,1
bracket,2500000,14163526&14691698,14156687&14698539,,,,16951,16928,0,dropped_cnv,1
bracket,2500000,36331784&40318184,38033008&38616962,,,,21914,21909,0,dropped_cnv,1
bracket,2500000,71503102&72140084,71441827&72201361,,,,20288,20280,0,dropped_cnv,1
bracket,2500000,148605674&150497470,149202168&149900978,,,,16076,16067,0,dropped_cnv,1
bracket,2500000,85891627&86852137,84850250&87893516,,,,27483,27466,0,dropped_cnv,1
bracket,2500000,161990225&164359767,163117602&163232392,,,,2877,2873,0,dropped_cnv,1
bracket,2500000,42477616&43971934,41928529&44521023,,,,50386,50350,0,dropped_cnv,1
bracket,2500000,29922431&33897549,31393473&32426509,,,,31412,31387,0,dropped_cnv,1
bracket,2500000,31098348&34049632,30741860&34406122,,,,94988,94900,0,dropped_cnv,1
bracket,2500000,60029289&63098531,59326807&63801015,,,,91887,91839,0,dropped_cnv,1
bracket,2500000,29001982&33881458,31149791&31733651,,,,19131,19121,0,dropped_cnv,1
bracket,2500000,14425413&18620703,15009300&18036818,,,,89203,89154,0,dropped_cnv,1
bracket,2500000,33019616&34039408,31085356&35973670,,,,35665,35631,0,dropped_cnv,1
bracket,2500000,32194991&34357961,32623675&33929279,,,,43026,42980,0,dropped_cnv,1
bracket,2500000,61109182&62488226,59857179&63740231,,,,40547,40522,0,dropped_cnv,1
bracket,2500000,121577320&122636004,120185287&124028039,,,,32718,32690,0,dropped_cnv,1
bracket,2500000,14196727&18795885,15479256&17513358,,,,60689,60658,0,dropped_cnv,1
bracket,2500000,155305798&156552546,154502822&157355524,,,,34704,34672,0,dropped_cnv,1
bracket,2500000,172754722&174054090,172675238&174133576,,,,36760,36732,0,dropped_cnv,1
bracket,2500000,114928707&116128881,114924333&116133257,,,,35151,35129,0,dropped_cnv,1
bracket,2500000,81079528&83600240,81534568&83145202,,,,48045,48007,0,dropped_cnv,1
bracket,2500000,180295675&182392015,179967488&182720204,,,,60356,60322,0,dropped_cnv,1
bracket,2500000,4386554&8978418,4335326&9029648,,,,146108,146032,0,dropped_cnv,1
bracket,2500000,195907614&196744598,195818562&196833652,,,,23964,23942,0,dropped_cnv,1
bracket,2500000,69753133&72546579,69048100&73251614,,,,84329,84279,0,dropped_cnv,1
bracket,2500000,137764260&140950044,138461127&140253179,,,,52982,52948,0,dropped_cnv,1
bracket,2500000,175224441&175298393,174936292&175586544,,,,1805,1804,0,dropped_cnv,1
bracket,2500000,42940925&46492351,43506985&45926293,,,,81874,81812,0,dropped_cnv,1
bracket,2500000,168800791&173237673,168849544&173188922,,,,123773,123720,0,dropped_cnv,1
bracket,2500000,95922977&99448809,97520027&97851761,,,,8906,8897,0,dropped_cnv,1
bracket,2500000,26197904&28129788,26293876&28033818,,,,48579,48543,0,dropped_cnv,1
bracket,2500000,161110026&165652588,162971034&163791582,,,,22621,22610,0,dropped_cnv,1
bracket,2500000,12903722&14885682,12730127&15059279,,,,61371,61311,0,dropped_cnv,1
bracket,2500000,239957917&242884599,240992988&241849530,,,,30075,30058,0,dropped_cnv,1
bracket,2500000,208096705&208772711,206112431&210756987,,,,18004,17985,0,dropped_cnv,1
bracket,2500000,196436877&198218129,196315038&198339970,,,,48085,48050,0,dropped_cnv,1
bracket,2500000,33621089&37902563,34637001&36886653,,,,80092,80029,0,dropped_cnv,1
bracket,2500000,125861421&128687535,125307357&129241601,,,,87155,87082,0,dropped_cnv,1
bracket,2500000,226332453&228708829,226163137&228878147,,,,70032,69982,0,dropped_cnv,1
bracket,2500000,139183507&140603095,139420352&140366252,,,,28566,28544,0,dropped_cnv,1
bracket,2500000,169505958&170918964,167804821&172620103,,,,41152,41136,0,dropped_cnv,1
bracket,2500000,37400678&41652868,37885672&41167876,,,,114834,114774,0,dropped_cnv,1
bracket,2500000,54661480&57536698,54259020&57939160,,,,97644,97565,0,dropped_cnv,1
bracket,2500000,184866126&188347838,186482535&186731431,,,,6144,6141,0,dropped_cnv,1
bracket,2500000,162002591&165859985,162489014&165373564,,,,80342,80289,0,dropped_cnv,1
bracket,2500000,165593833&166577343,164406386&167764792,,,,25558,25544,0,dropped_cnv,1
bracket,2500000,13533318&15368140,13908773&14992687,,,,33706,33667,0,dropped_cnv,1
bracket,2500000,79040596&80014414,77296046&81758966,,,,31210,31195,0,dropped_cnv,1
bracket,2500000,165928435&167264441,164231157&168961721,,,,35422,35408,0,dropped_cnv,1
bracket,2500000,36464248&38599832,35460849&39603233,,,,75535,75510,0,dropped_cnv,1
bracket,2500000,74020938&78608078,75572116&77056902,,,,49411,49377,0,dropped_cnv,1
bracket,2500000,75062318&77565902,75888937&76739285,,,,27324,27304,0,dropped_cnv,1
bracket,2500000,9649958&10406194,9380802&10675352,,,,24409,24391,0,dropped_cnv,1
bracket,2500000,6345871&9241845,6637971&8949747,,,,73401,73367,0,dropped_cnv,1
bracket,2500000,160618620&164256296,160148168&164726750,,,,99330,99260,0,dropped_cnv,1
bracket,2500000,235738495&239051379,235201080&239588796,,,,111002,110952,0,dropped_cnv,1
bracket,2500000,46156790&49519892,45547548&50129136,,,,117161,117082,0,dropped_cnv,1
bracket,2500000,211856498&215019998,211058984&215817514,,,,95451,95365,0,dropped_cnv,1
bracket,2500000,9662087&12822797,10657841&11827045,,,,37725,37705,0,dropped_cnv,1
bracket,2500000,123311913&123824149,121179805&125956259,,,,16443,16431,0,dropped_cnv,1
bracket,2500000,17348222&17818408,15280401&19886231,,,,12938,12932,0,dropped_cnv,1
bracket,2500000,151203422&154474564,151990793&153687195,,,,47169,47145,0,dropped_cnv,1
bracket,2500000,64700423&66080893,63434896&67346422,,,,41328,41305,0,dropped_cnv,1
bracket,2500000,22349737&25185815,23670172&23865382,,,,6504,6502,0,dropped_cnv,1
bracket,2500000,30478688&31828510,29496454&32810746,,,,43630,43604,0,dropped_cnv,1
bracket,2500000,67543319&71231191,69300216&69474296,,,,5154,5151,0,dropped_cnv,1
bracket,2500000,185023921&186716781,183511438&188229266,,,,46998,46957,0,dropped_cnv,1
bracket,2500000,153700621&154122445,153196085&154626983,,,,13072,13059,0,dropped_cnv,1
bracket,2500000,134749753&139059107,136074465&137734397,,,,47632,47599,0,dropped_cnv,1
bracket,2500000,157329096&159451862,157432170&159348790,,,,52361,52322,0,dropped_cnv,1
bracket,2500000,39539674&43142672,40479429&42202919,,,,63512,63474,0,dropped_cnv,1
bracket,2500000,63391389&67693075,64292118&66792348,,,,73958,73909,0,dropped_cnv,1
bracket,2500000,206967370&210251300,206892636&210326036,,,,94123,94047,0,dropped_cnv,1
